,id,price
0,1,53752.67
1,2,56635.86
2,3,23017.78
3,4,2433.32
4,5,5836.69
5,6,6358.59
6,7,4738.5575
7,8,13909.41
8,9,4938.07
9,10,18584.61
10,11,5017.66
11,12,5041.41
12,13,4338.04
13,14,55551.47
14,15,40729.35
15,16,55085.94
16,17,55494.72
17,18,6543.94
18,19,64536.44
19,20,7504.536
20,21,5741.7
21,22,61038.585
22,23,45739.05
23,24,6088.22
24,25,5151.84
25,26,4470.88
26,27,6031.49
27,28,5319.06
28,29,3981.55
29,30,6286.92
30,31,6628.52
31,32,67009.13
32,33,60100.54
33,34,53194.22
34,35,10320.764000000001
35,36,5730.54
36,37,5598.81
37,38,43997.71
38,39,5438.52
39,40,2359.84
40,41,10263.04
41,42,79470.08
42,43,5314.95
43,44,3641.43
44,45,12639.99
45,46,3674.22
46,47,5973.61
47,48,12841.54
48,49,71175.82
49,50,6412.82
50,51,5789.43
51,52,3155.08
52,53,6213.25
53,54,4278.79
54,55,7474.69
55,56,2918.15
56,57,4069.75
57,58,52676.28
58,59,3203.21
59,60,64815.41666666666
60,61,10646.56
61,62,54975.72
62,63,6681.45
63,64,10750.5
64,65,56298.74
65,66,58396.35
66,67,45213.4
67,68,10690.06
68,69,45216.64
69,70,45096.84
70,71,6240.53
71,72,6179.7
72,73,10079.94
73,74,8013.4
74,75,11791.74
75,76,6647.0
76,77,5753.25
77,78,3433.03
78,79,63631.83
79,80,10731.52
80,81,5084.1
81,82,6106.55
82,83,9231.42
83,84,5657.73
84,85,34815.33
85,86,60156.5
86,87,4579.1
87,88,13620.6
88,89,60354.22
89,90,4494.27
90,91,4790.1
91,92,62661.64
92,93,54781.8
93,94,80796.74
94,95,53461.09
95,96,4879.97
96,97,6171.67
97,98,20411.37
98,99,6293.71
99,100,73556.92
100,101,4998.56
101,102,7961.66
102,103,7339.03
103,104,2975.79
104,105,5362.3
105,106,10500.01
106,107,56786.27
107,108,54521.53
108,109,44380.34
109,110,2416.75
110,111,52304.69
111,112,51984.57
112,113,8877.39
113,114,2832.11
114,115,3526.0
115,116,3317.31
116,117,5298.98
117,118,3610.05
118,119,6025.03
119,120,14979.73
120,121,48771.15
121,122,15612.81
122,123,6646.36
123,124,46023.34
124,125,5554.33
125,126,6814.56
126,127,7057.44
127,128,13561.33
128,129,67022.28
129,130,4398.59
130,131,6416.15
131,132,60416.02
132,133,5552.95
133,134,6359.26
134,135,4573.36
135,136,43296.48
136,137,5002.51
137,138,8464.06
138,139,3956.45
139,140,4802.81
140,141,3434.1
141,142,52611.26
142,143,7039.39
143,144,1712.9
144,145,54605.74
145,146,2875.81
146,147,6314.03
147,148,16243.39
148,149,6493.5
149,150,5142.85
150,151,7723.58
151,152,63527.88
152,153,7932.19
153,154,7198.81
154,155,61285.35
155,156,6286.5
156,157,6666.39
157,158,5291.47
158,159,6390.0
159,160,4591.89
160,161,54062.14
161,162,6472.2
162,163,68074.76
163,164,8187.33
164,165,61509.65
165,166,39173.88
166,167,59640.25
167,168,5016.39
168,169,11821.76
169,170,49944.33
170,171,1862.99
171,172,7544.41
172,173,50989.37
173,174,55270.87
174,175,5415.95
175,176,69007.97
176,177,4655.24
177,178,4203.98
178,179,5487.41
179,180,64946.14
180,181,28468.25
181,182,7474.63
182,183,11770.62
183,184,6200.64
184,185,24475.76
185,186,7038.28
186,187,8872.75
187,188,53031.86
188,189,18135.33
189,190,4505.74
190,191,53699.68
191,192,3307.6
192,193,57139.25
193,194,4644.28
194,195,6006.71
195,196,5927.22
196,197,2676.38
197,198,15687.27
198,199,12431.58
199,200,58995.64
200,201,69516.82
201,202,13607.1
202,203,4221.58
203,204,7230.66
204,205,61060.76
205,206,58816.41
206,207,4164.91
207,208,45428.59
208,209,50624.45
209,210,9429.11
210,211,58972.11
211,212,42005.5
212,213,4482.43
213,214,5555.17
214,215,6574.98
215,216,49503.42
216,217,5215.05
217,218,29501.23
218,219,6848.95
219,220,3474.4
220,221,4039.18
221,222,4081.2
222,223,22239.56
223,224,55573.85
224,225,56361.82
225,226,12688.18
226,227,7211.74
227,228,8730.87
228,229,5033.13
229,230,61233.77
230,231,4500.98
231,232,6005.47
232,233,13897.33
233,234,9542.066666666666
234,235,3995.12
235,236,6671.23
236,237,2901.01
237,238,4174.09
238,239,2423.07
239,240,8444.12
240,241,65151.21
241,242,51369.05
242,243,3950.05
243,244,59982.71
244,245,8336.87
245,246,49498.0
246,247,54692.96
247,248,4940.065
248,249,5769.37
249,250,65452.31
250,251,9891.39
251,252,5961.53
252,253,52541.56
253,254,10953.81
254,255,6081.6
255,256,70593.2
256,257,4540.97
257,258,2409.29
258,259,4353.4
259,260,54271.14
260,261,3771.96
261,262,6156.96
262,263,52096.37
263,264,4373.45
264,265,7905.08
265,266,1609.93
266,267,41619.72
267,268,47269.51
268,269,44275.44
269,270,8692.26
270,271,6277.26
271,272,8086.59
272,273,51665.83
273,274,31125.17
274,275,2263.02
275,276,9201.56
276,277,29181.4
277,278,7370.21
278,279,31902.16
279,280,6148.7
280,281,39612.43
281,282,5260.7
282,283,5852.47
283,284,6474.05
284,285,49824.23
285,286,6213.89
286,287,39711.08
287,288,5719.78
288,289,59963.82
289,290,1846.55
290,291,2231.41
291,292,6517.37
292,293,8258.64
293,294,6245.2
294,295,4811.54
295,296,4147.02
296,297,51642.7
297,298,16911.0
298,299,9324.05
299,300,4766.15
300,301,59934.59
301,302,2719.66
302,303,6952.98
303,304,12449.2
304,305,51970.78
305,306,5908.29
306,307,50807.44
307,308,5174.04
308,309,55852.8
309,310,12029.67
310,311,5110.28
311,312,52796.24
312,313,4633.94
313,314,2460.59
314,315,3812.7
315,316,35089.03
316,317,4213.135
317,318,5693.96
318,319,8476.51
319,320,4331.21
320,321,4450.93
321,322,60207.44
322,323,5436.32
323,324,3495.06
324,325,7024.76
325,326,13832.8
326,327,6491.25
327,328,5063.48
328,329,5914.29
329,330,5005.99
330,331,13172.14
331,332,7267.33
332,333,63950.12
333,334,5154.75
334,335,7257.07
335,336,11514.01
336,337,4284.05
337,338,22159.82
338,339,13551.7
339,340,45345.95
340,341,47125.34
341,342,50461.75
342,343,4024.54
343,344,5897.9
344,345,15285.74
345,346,71649.56
346,347,3232.87
347,348,3427.71
348,349,6146.91
349,350,10774.31
350,351,4806.11
351,352,5958.41
352,353,4823.56
353,354,4103.79
354,355,4508.83
355,356,69365.04
356,357,48471.62
357,358,4768.5
358,359,4668.14
359,360,49393.07
360,361,58302.88
361,362,6107.64
362,363,50918.95
363,364,2461.78
364,365,63080.24
365,366,28929.06
366,367,4042.41
367,368,5062.36
368,369,6316.88
369,370,6287.97
370,371,5506.66
371,372,4109.88
372,373,6045.6
373,374,6852.24
374,375,11684.63
375,376,49614.12
376,377,5669.07
377,378,56756.08
378,379,5101.29
379,380,2231.44
380,381,63733.51
381,382,6916.88
382,383,6768.88
383,384,4574.97
384,385,6974.83
385,386,65949.16
386,387,62226.59
387,388,4852.87
388,389,51266.74
389,390,60008.84
390,391,58320.69
391,392,68206.49
392,393,6740.87
393,394,55076.13
394,395,72341.95
395,396,55546.4
396,397,54020.01
397,398,4734.52
398,399,6457.98
399,400,3277.13
400,401,8433.05
401,402,6904.05
402,403,8823.59
403,404,58743.54
404,405,49931.54
405,406,5043.4475
406,407,5560.3
407,408,67815.86
408,409,6737.98
409,410,4150.22
410,411,6264.31
411,412,51753.78
412,413,7125.3
413,414,5427.65
414,415,5451.75
415,416,2577.45
416,417,28768.48
417,418,6250.01
418,419,52300.37
419,420,11452.35
420,421,4538.68
421,422,6372.68
422,423,3978.92
423,424,57857.43
424,425,15958.55
425,426,4113.19
426,427,3344.06
427,428,11881.18
428,429,2150.0
429,430,5842.69
430,431,50633.0
431,432,6327.43
432,433,6478.1
433,434,62249.47
434,435,2201.0
435,436,6377.0
436,437,12549.59
437,438,13021.77
438,439,6176.55
439,440,68355.1
440,441,8784.65
441,442,58079.28
442,443,4814.92
443,444,3988.49
444,445,4558.23
445,446,49473.15
446,447,57874.34
447,448,7978.27
448,449,4002.31
449,450,51896.63
450,451,49570.34
451,452,44873.65
452,453,4391.13
453,454,5919.75
454,455,5101.79
455,456,2172.37
456,457,49792.9
457,458,42365.19
458,459,11896.31
459,460,6290.55
460,461,4852.83
461,462,5959.81
462,463,4519.84
463,464,6871.63
464,465,1627.49
465,466,2150.0
466,467,7973.9
467,468,4829.78
468,469,5465.18
469,470,10045.15
470,471,10567.13
471,472,9467.0
472,473,5150.93
473,474,6122.66
474,475,4775.95
475,476,11523.56
476,477,12044.72
477,478,4695.09
478,479,15123.36
479,480,25042.24
480,481,5423.42
481,482,5835.5
482,483,2830.98
483,484,3245.26
484,485,10945.57
485,486,6021.03
486,487,61928.49
487,488,4908.84
488,489,50515.57
489,490,7089.97
490,491,51762.63
491,492,5296.53
492,493,58306.9
493,494,52514.28
494,495,5965.49
495,496,33773.79
496,497,5703.0
497,498,4808.39
498,499,57355.12
499,500,51048.79
500,501,4421.63
501,502,4526.49
502,503,61094.96
503,504,45064.39
504,505,45579.43
505,506,8483.19
506,507,5378.17
507,508,31629.66
508,509,2713.56
509,510,55558.53
510,511,8843.72
511,512,5949.66
512,513,38190.0
513,514,7026.82
514,515,69172.27
515,516,70079.83
516,517,3714.46
517,518,46592.51
518,519,4467.82
519,520,5767.98
520,521,65773.35
521,522,54507.38
522,523,4323.66
523,524,4899.43
524,525,7187.14
525,526,7046.56
526,527,6566.91
527,528,2859.05
528,529,6206.94
529,530,15444.11
530,531,50959.97
531,532,3983.71
532,533,56533.11
533,534,9961.63
534,535,10490.05
535,536,61959.91
536,537,56290.53
537,538,5376.26
538,539,5008.18
539,540,3946.21
540,541,5089.62
541,542,3012.3
542,543,10124.21
543,544,53669.08
544,545,78456.8
545,546,51174.22
546,547,3867.61
547,548,8303.42
548,549,65925.42
549,550,5331.03
550,551,55050.68
551,552,5843.66
552,553,6105.29
553,554,5006.19
554,555,5203.11
555,556,6285.53
556,557,58655.99
557,558,52186.05
558,559,5555.72
559,560,42492.17
560,561,43709.27
561,562,2842.04
562,563,5902.42
563,564,3804.8
564,565,4625.72
565,566,50127.18
566,567,13844.25
567,568,10820.88
568,569,7796.63
569,570,6437.08
570,571,4918.39
571,572,16424.27
572,573,12484.04
573,574,4152.84
574,575,47790.73
575,576,4593.64
576,577,53936.71
577,578,4103.39
578,579,49898.32
579,580,64555.93
580,581,39543.06
581,582,4848.46
582,583,2356.36
583,584,2202.08
584,585,6466.44
585,586,59152.05
586,587,12883.11
587,588,70519.39
588,589,4593.33
589,590,2917.89
590,591,7432.55
591,592,65647.55
592,593,66810.71
593,594,5313.88
594,595,18493.79
595,596,65080.33
596,597,5415.75
597,598,2727.26
598,599,11334.6
599,600,38843.44
600,601,6284.88
601,602,5249.13
602,603,3602.8
603,604,7030.83
604,605,53590.58
605,606,6376.59
606,607,65651.05
607,608,35544.65
608,609,4182.85
609,610,6747.5
610,611,50416.86
611,612,4394.12
612,613,67759.49
613,614,8648.83
614,615,6246.71
615,616,6642.35
616,617,4280.45
617,618,15717.9
618,619,60898.59
619,620,51113.96
620,621,67126.49
621,622,5743.52
622,623,6467.13
623,624,13223.92
624,625,4173.3
625,626,4922.25
626,627,48256.14
627,628,48376.16
628,629,5313.97
629,630,57600.17
630,631,5115.84
631,632,76982.61
632,633,4918.18
633,634,5299.49
634,635,3823.9
635,636,4395.06
636,637,7493.16
637,638,53866.86
638,639,3023.91
639,640,57031.12
640,641,40815.48
641,642,8357.81
642,643,4558.96
643,644,3817.53
644,645,4010.7
645,646,59128.76
646,647,77576.16
647,648,2794.27
648,649,11476.08
649,650,8368.48
650,651,50364.04
651,652,4445.41
652,653,65674.79
653,654,60096.06
654,655,6369.02
655,656,6687.83
656,657,3223.51
657,658,9551.66
658,659,54666.12
659,660,5962.52
660,661,6037.48
661,662,4691.85
662,663,3250.62
663,664,13131.09
664,665,5867.04
665,666,6179.38
666,667,12436.24
667,668,4661.17
668,669,4325.18
669,670,4795.4
670,671,56758.23
671,672,11090.8
672,673,6309.9
673,674,27946.88
674,675,59167.68
675,676,62652.09
676,677,33988.02
677,678,4638.28
678,679,13977.32
679,680,9849.18
680,681,5552.8
681,682,4965.77
682,683,7210.06
683,684,7864.74
684,685,6182.26
685,686,8076.91
686,687,13410.63
687,688,5322.49
688,689,4703.81
689,690,9531.14
690,691,4360.85
691,692,51632.34
692,693,7650.47
693,694,6143.64
694,695,5683.23
695,696,6215.65
696,697,6300.7
697,698,2859.14
698,699,10495.1
699,700,4489.62
700,701,63293.48
701,702,2555.74
702,703,3833.58
703,704,7576.19
704,705,52250.22
705,706,4007.03
706,707,50607.84
707,708,3514.33
708,709,3137.49
709,710,50942.52
710,711,12243.42
711,712,54929.94
712,713,41181.99
713,714,4558.2
714,715,55315.21
715,716,5545.54
716,717,7091.63
717,718,9565.21
718,719,24893.76
719,720,6120.86
720,721,58909.95
721,722,57626.44
722,723,54434.5
723,724,10151.5
724,725,43234.46
725,726,56339.0
726,727,8140.14
727,728,3325.92
728,729,6771.47
729,730,79302.3
730,731,28013.85
731,732,4852.11
732,733,5553.69
733,734,3599.82
734,735,55367.82
735,736,6218.66
736,737,3736.25
737,738,4940.75
738,739,55895.74
739,740,50662.02
740,741,55318.59
741,742,58930.3
742,743,4550.54
743,744,66898.04
744,745,12233.62
745,746,5316.21
746,747,57874.27
747,748,7928.51
748,749,56265.97
749,750,55475.91
750,751,5929.18
751,752,4683.05
752,753,6282.81
753,754,4123.07
754,755,4796.18
755,756,60773.93
756,757,45883.0
757,758,5787.64
758,759,55137.14
759,760,4432.98
760,761,7527.93
761,762,5307.14
762,763,7730.32
763,764,7011.39
764,765,54863.86
765,766,4510.29
766,767,71855.42
767,768,6675.55
768,769,5106.11
769,770,6634.62
770,771,4866.2
771,772,53576.99
772,773,78638.61
773,774,6354.68
774,775,4717.9805
775,776,55665.58
776,777,51823.44
777,778,4990.82
778,779,4396.31
779,780,2498.1
780,781,4736.17
781,782,43050.75
782,783,6081.13
783,784,23017.78
784,785,7534.34
785,786,7928.05
786,787,12861.99
787,788,5247.65
788,789,70538.32
789,790,17163.87
790,791,43243.27
791,792,36070.7
792,793,3854.22
793,794,32040.23
794,795,23365.68
795,796,64208.27
796,797,4842.82
797,798,8373.28
798,799,9918.05
799,800,1718.33
800,801,15733.26
801,802,5784.97
802,803,5686.96
803,804,52267.35
804,805,6289.58
805,806,24737.22
806,807,71979.73
807,808,12896.58
808,809,43804.95
809,810,8887.07
810,811,46716.53
811,812,6851.19
812,813,4991.75
813,814,59946.33
814,815,6522.0
815,816,8749.28
816,817,6437.3
817,818,4912.09
818,819,4716.32
819,820,47999.27
820,821,49206.83
821,822,5854.52
822,823,24041.18
823,824,51248.58
824,825,46408.28
825,826,6203.09
826,827,53470.78
827,828,2593.93
828,829,50126.44
829,830,6689.83
830,831,10521.31
831,832,3990.34
832,833,58229.67
833,834,63969.83
834,835,5172.75
835,836,4443.9
836,837,43267.11
837,838,12112.92
838,839,5303.94
839,840,11849.08
840,841,61208.59
841,842,49772.98
842,843,2152.0
843,844,23733.98
844,845,5986.07
845,846,65749.43
846,847,43417.32
847,848,9620.1
848,849,5385.8
849,850,14947.7
850,851,4386.49
851,852,7441.04
852,853,4524.89
853,854,52445.03
854,855,18056.6
855,856,5302.08
856,857,54684.0
857,858,5078.84
858,859,5523.07
859,860,7885.97
860,861,4949.37
861,862,2397.51
862,863,49485.94
863,864,5639.72
864,865,2869.62
865,866,11423.0
866,867,49069.85
867,868,2124.08
868,869,3905.89
869,870,66820.68
870,871,5137.1
871,872,16058.18
872,873,45783.12
873,874,8231.33
874,875,66071.4
875,876,5562.7
876,877,3433.6
877,878,45751.18
878,879,4231.59
879,880,65057.26
880,881,5071.84
881,882,4394.91
882,883,8683.67
883,884,4412.47
884,885,6416.31
885,886,6650.61
886,887,4260.09
887,888,51728.65
888,889,40061.03
889,890,2168.31
890,891,5181.23
891,892,2247.77
892,893,3226.46
893,894,61689.77
894,895,9094.05
895,896,66446.65
896,897,5319.69
897,898,53587.47
898,899,6046.86
899,900,5164.69
900,901,55748.88
901,902,43812.3
902,903,9874.23
903,904,4772.93
904,905,5343.01
905,906,6186.03
906,907,58373.51
907,908,66187.84
908,909,6951.23
909,910,6507.72
910,911,5930.77
911,912,4776.92
912,913,62985.68
913,914,4197.54
914,915,5567.48
915,916,52764.3
916,917,5995.06
917,918,31573.08
918,919,3471.29
919,920,12093.48
920,921,59681.91
921,922,12418.56
922,923,54508.84
923,924,4670.49
924,925,54571.08
925,926,4555.49
926,927,67746.8
927,928,5133.78
928,929,29501.23
929,930,13240.6
930,931,10942.41
931,932,3454.8
932,933,50719.28
933,934,4516.0
934,935,4914.07
935,936,5064.02
936,937,5399.39
937,938,46075.62
938,939,15369.09
939,940,5897.36
940,941,4833.19
941,942,64162.3
942,943,6284.84
943,944,4369.8
944,945,2365.45
945,946,8157.97
946,947,54622.19
947,948,2295.13
948,949,66638.12
949,950,50182.61
950,951,43915.94
951,952,55280.36
952,953,2389.93
953,954,13320.47
954,955,4508.69
955,956,50813.68
956,957,6451.46
957,958,8500.44
958,959,3238.73
959,960,66331.11
960,961,55063.0
961,962,5535.58
962,963,11956.67
963,964,4521.3
964,965,5662.6
965,966,6047.04
966,967,66853.36
967,968,10394.44
968,969,4347.0
969,970,3992.3
970,971,6467.43
971,972,60960.95
972,973,4087.58
973,974,50382.51
974,975,60184.23
975,976,58896.19
976,977,4435.58
977,978,74287.8
978,979,5781.38
979,980,6073.23
980,981,11134.09
981,982,54588.91
982,983,6005.35
983,984,5644.57
984,985,4994.74
985,986,6201.81
986,987,11494.47
987,988,5837.23
988,989,3945.71
989,990,6882.15
990,991,58212.13
991,992,58648.06
992,993,7220.06
993,994,54333.56
994,995,12892.09
995,996,4588.86
996,997,5319.99
997,998,6580.59
998,999,7262.39
999,1000,4882.42
1000,1001,3587.96
1001,1002,10474.84
1002,1003,58092.76
1003,1004,4397.52
1004,1005,11920.24
1005,1006,12098.15
1006,1007,3797.83
1007,1008,3793.86
1008,1009,21010.23
1009,1010,2630.29
1010,1011,41049.8
1011,1012,54599.8
1012,1013,4399.85
1013,1014,54316.44
1014,1015,66725.48
1015,1016,41243.92
1016,1017,42352.27
1017,1018,10829.82
1018,1019,7410.61
1019,1020,2977.7
1020,1021,11959.27
1021,1022,4268.45
1022,1023,3491.67
1023,1024,48413.58
1024,1025,11625.8
1025,1026,57272.87
1026,1027,4211.38
1027,1028,51465.6
1028,1029,6654.5
1029,1030,53607.49
1030,1031,5655.31
1031,1032,4714.68
1032,1033,42105.96
1033,1034,7507.92
1034,1035,5421.18
1035,1036,27482.59
1036,1037,4906.3
1037,1038,45185.9
1038,1039,4667.23
1039,1040,3072.42
1040,1041,58317.03
1041,1042,33908.02
1042,1043,10180.19
1043,1044,5861.92
1044,1045,5259.02
1045,1046,61994.71
1046,1047,41825.66
1047,1048,4481.65
1048,1049,5382.35
1049,1050,2082.28
1050,1051,3225.13
1051,1052,5293.18
1052,1053,5943.93
1053,1054,51812.3
1054,1055,2863.49
1055,1056,6567.41
1056,1057,6395.76
1057,1058,9515.74
1058,1059,6385.57
1059,1060,3322.64
1060,1061,64490.17
1061,1062,50806.07
1062,1063,4349.44
1063,1064,7892.18
1064,1065,10627.45
1065,1066,5312.36
1066,1067,18172.74
1067,1068,21702.97
1068,1069,44586.44
1069,1070,1739.16
1070,1071,4773.72
1071,1072,45651.77
1072,1073,60241.33
1073,1074,15732.02
1074,1075,12812.02
1075,1076,5001.11
1076,1077,5681.61
1077,1078,5146.98
1078,1079,18890.43
1079,1080,4558.99
1080,1081,47159.34
1081,1082,4311.64
1082,1083,5664.7
1083,1084,11927.9
1084,1085,5051.6
1085,1086,6742.72
1086,1087,9326.73
1087,1088,6891.11
1088,1089,14852.89
1089,1090,6334.54
1090,1091,6110.01
1091,1092,11800.33
1092,1093,5745.19
1093,1094,5259.65
1094,1095,8728.31
1095,1096,51558.52
1096,1097,64286.99
1097,1098,4760.75
1098,1099,4931.52
1099,1100,49146.12
1100,1101,5511.55
1101,1102,13256.02
1102,1103,4239.15
1103,1104,60217.52
1104,1105,2958.76
1105,1106,8609.96
1106,1107,5413.97
1107,1108,7856.13
1108,1109,56952.08
1109,1110,2427.8
1110,1111,12801.42
1111,1112,51379.22
1112,1113,5808.6
1113,1114,54642.82
1114,1115,12283.79
1115,1116,4186.0
1116,1117,60503.96
1117,1118,46196.65
1118,1119,5971.8
1119,1120,3954.03
1120,1121,4170.88
1121,1122,2279.22
1122,1123,5467.79
1123,1124,4948.17
1124,1125,54105.56
1125,1126,6683.28
1126,1127,4850.75
1127,1128,50381.79
1128,1129,5438.71
1129,1130,6485.17
1130,1131,10457.58
1131,1132,6692.27
1132,1133,71257.45
1133,1134,5895.01
1134,1135,5568.32
1135,1136,5984.51
1136,1137,7101.92
1137,1138,28435.38
1138,1139,5553.38
1139,1140,3209.39
1140,1141,4901.11
1141,1142,6796.16
1142,1143,2602.5
1143,1144,6794.28
1144,1145,50162.09
1145,1146,61429.8
1146,1147,13744.86
1147,1148,40997.64
1148,1149,7683.22
1149,1150,2903.97
1150,1151,5243.34
1151,1152,12489.98
1152,1153,4263.37
1153,1154,7352.17
1154,1155,14265.66
1155,1156,6907.1
1156,1157,5394.06
1157,1158,45996.88
1158,1159,7242.09
1159,1160,2849.24
1160,1161,6286.63
1161,1162,6044.94
1162,1163,5965.4
1163,1164,78888.91
1164,1165,6215.13
1165,1166,46768.32
1166,1167,6667.49
1167,1168,5165.15
1168,1169,12733.13
1169,1170,4288.245
1170,1171,5897.05
1171,1172,54303.72
1172,1173,2762.87
1173,1174,6315.17
1174,1175,3082.03
1175,1176,4338.12
1176,1177,2124.0
1177,1178,4665.8
1178,1179,13493.14
1179,1180,4395.89
1180,1181,5265.15
1181,1182,6330.89
1182,1183,43933.67
1183,1184,57860.82
1184,1185,19075.77
1185,1186,6433.68
1186,1187,53334.74
1187,1188,3271.09
1188,1189,5758.16
1189,1190,14585.14
1190,1191,68787.4
1191,1192,57054.06
1192,1193,17111.96
1193,1194,5397.88
1194,1195,3734.27
1195,1196,12322.54
1196,1197,69705.82
1197,1198,14469.82
1198,1199,6115.06
1199,1200,5988.24
1200,1201,12528.75
1201,1202,22385.3
1202,1203,5904.74
1203,1204,52841.19
1204,1205,6249.42
1205,1206,15510.02
1206,1207,4541.17
1207,1208,5542.88
1208,1209,7930.85
1209,1210,5081.89
1210,1211,58861.1175
1211,1212,55755.57
1212,1213,3677.27
1213,1214,4276.71
1214,1215,4270.155
1215,1216,17152.71
1216,1217,4147.66
1217,1218,3544.67
1218,1219,61715.75
1219,1220,26778.24
1220,1221,65765.09
1221,1222,3916.65
1222,1223,4937.03
1223,1224,46995.24
1224,1225,56583.54
1225,1226,4512.78
1226,1227,5508.36
1227,1228,4452.0
1228,1229,11704.44
1229,1230,53294.03
1230,1231,4544.61
1231,1232,5169.21
1232,1233,5071.5
1233,1234,5769.93
1234,1235,60405.32
1235,1236,5716.96
1236,1237,63386.01
1237,1238,5347.44
1238,1239,9513.03
1239,1240,11282.06
1240,1241,51684.94
1241,1242,6634.89
1242,1243,57470.5
1243,1244,5843.16
1244,1245,6148.94
1245,1246,6029.4
1246,1247,5470.61
1247,1248,4846.79
1248,1249,6452.57
1249,1250,6801.88
1250,1251,4956.81
1251,1252,52598.44
1252,1253,53047.47
1253,1254,2376.61
1254,1255,3583.87
1255,1256,54575.28
1256,1257,5559.45
1257,1258,5234.78
1258,1259,5391.46
1259,1260,11359.09
1260,1261,3920.96
1261,1262,9702.5
1262,1263,12684.1
1263,1264,40671.26
1264,1265,4139.49
1265,1266,34055.73
1266,1267,4947.08
1267,1268,7468.75
1268,1269,7648.94
1269,1270,62869.09
1270,1271,6931.61
1271,1272,5144.11
1272,1273,17756.13
1273,1274,11264.99
1274,1275,6412.19
1275,1276,4710.17
1276,1277,68584.12
1277,1278,7904.98
1278,1279,12293.47
1279,1280,62639.4
1280,1281,23924.72
1281,1282,57671.94
1282,1283,4472.28
1283,1284,6843.84
1284,1285,4438.86
1285,1286,53649.09
1286,1287,7101.38
1287,1288,69602.39
1288,1289,4971.43
1289,1290,8957.58
1290,1291,6341.64
1291,1292,50058.78
1292,1293,10641.21
1293,1294,11969.04
1294,1295,5876.97
1295,1296,48481.15
1296,1297,3873.44
1297,1298,10898.67
1298,1299,12528.51
1299,1300,6497.94
1300,1301,10203.4
1301,1302,50694.76
1302,1303,2399.2
1303,1304,4276.04
1304,1305,6945.02
1305,1306,4506.56
1306,1307,5368.7
1307,1308,7396.65
1308,1309,53450.18
1309,1310,76316.66
1310,1311,6426.14
1311,1312,13081.28
1312,1313,49428.79
1313,1314,44072.2
1314,1315,11258.36
1315,1316,13797.2
1316,1317,5584.59
1317,1318,5906.22
1318,1319,3406.11
1319,1320,24791.74
1320,1321,6035.17
1321,1322,8178.88
1322,1323,2124.0
1323,1324,6264.91
1324,1325,55301.06
1325,1326,3210.42
1326,1327,6151.53
1327,1328,69900.61
1328,1329,5503.7
1329,1330,6506.53
1330,1331,6230.89
1331,1332,12449.76
1332,1333,2146.08
1333,1334,11833.11
1334,1335,8435.38
1335,1336,6622.99
1336,1337,41825.23
1337,1338,7311.88
1338,1339,5473.8
1339,1340,7624.12
1340,1341,9401.58
1341,1342,2343.75
1342,1343,2430.6
1343,1344,7746.04
1344,1345,2207.11
1345,1346,67308.8
1346,1347,4694.08
1347,1348,50871.06
1348,1349,5132.29
1349,1350,6425.56
1350,1351,11985.9
1351,1352,10617.98
1352,1353,11648.97
1353,1354,5736.76
1354,1355,8395.64
1355,1356,49208.58
1356,1357,28295.78
1357,1358,12606.61
1358,1359,8625.13
1359,1360,12745.48
1360,1361,4534.18
1361,1362,44718.03
1362,1363,7447.57
1363,1364,9937.66
1364,1365,44643.05
1365,1366,65965.89
1366,1367,11508.85
1367,1368,6778.19
1368,1369,53858.26
1369,1370,54364.96
1370,1371,5214.57
1371,1372,21519.0
1372,1373,6530.49
1373,1374,49312.25
1374,1375,5066.15
1375,1376,10742.93
1376,1377,5253.57
1377,1378,3919.81
1378,1379,4584.68
1379,1380,52200.63
1380,1381,4771.43
1381,1382,71236.77
1382,1383,53198.87
1383,1384,43261.04
1384,1385,5546.22
1385,1386,4772.96
1386,1387,2943.94
1387,1388,5413.28
1388,1389,56529.82
1389,1390,5314.85
1390,1391,47320.89
1391,1392,2206.05
1392,1393,50229.9
1393,1394,50223.64
1394,1395,2640.75
1395,1396,4757.12
1396,1397,6558.74
1397,1398,53753.24
1398,1399,36960.25
1399,1400,64704.55
1400,1401,12886.75
1401,1402,66234.15
1402,1403,7712.73
1403,1404,2412.09
1404,1405,33851.07
1405,1406,9113.69
1406,1407,73660.51
1407,1408,11217.96
1408,1409,4093.5
1409,1410,45605.87
1410,1411,8178.14
1411,1412,6717.87
1412,1413,65526.63
1413,1414,12827.2
1414,1415,58380.48
1415,1416,5852.55
1416,1417,6229.51
1417,1418,2150.0
1418,1419,5326.45
1419,1420,5340.86
1420,1421,52991.36
1421,1422,4246.25
1422,1423,44011.47
1423,1424,6022.21
1424,1425,49797.88
1425,1426,4474.54
1426,1427,8119.51
1427,1428,44904.79
1428,1429,2232.61
1429,1430,4345.45
1430,1431,44429.76
1431,1432,55160.75
1432,1433,3493.26
1433,1434,2098.63
1434,1435,3040.91
1435,1436,73266.22
1436,1437,5551.71
1437,1438,31733.6
1438,1439,56907.33
1439,1440,48580.96
1440,1441,7925.0
1441,1442,61697.07
1442,1443,52649.85
1443,1444,7476.4
1444,1445,58285.95
1445,1446,48959.97
1446,1447,10459.5
1447,1448,43305.9
1448,1449,2959.14
1449,1450,69680.99
1450,1451,3897.2
1451,1452,48285.12
1452,1453,5221.11
1453,1454,6812.02
1454,1455,4286.5
1455,1456,43016.16
1456,1457,56399.9
1457,1458,6148.44
1458,1459,2933.02
1459,1460,3070.43
1460,1461,13659.07
1461,1462,5876.07
1462,1463,50218.11
1463,1464,2947.14
1464,1465,3002.17
1465,1466,2677.79
1466,1467,47544.89
1467,1468,44323.22
1468,1469,51394.83
1469,1470,3605.26
1470,1471,13910.88
1471,1472,14934.5
1472,1473,3726.08
1473,1474,52655.28
1474,1475,3878.37
1475,1476,12047.07
1476,1477,49934.72
1477,1478,5548.98
1478,1479,7107.11
1479,1480,12642.94
1480,1481,41554.37
1481,1482,39861.84
1482,1483,4060.01
1483,1484,4860.41
1484,1485,6789.32
1485,1486,11951.04
1486,1487,7386.22
1487,1488,43334.34
1488,1489,6818.45
1489,1490,8805.07
1490,1491,9455.86
1491,1492,45662.87
1492,1493,53876.91
1493,1494,10539.89
1494,1495,49101.02
1495,1496,62480.12
1496,1497,2957.4
1497,1498,7474.71
1498,1499,5043.02
1499,1500,6113.16
1500,1501,6893.6
1501,1502,10906.24
1502,1503,3552.86
1503,1504,11391.26
1504,1505,4799.68
1505,1506,65503.71
1506,1507,3716.69
1507,1508,68344.63
1508,1509,55368.1
1509,1510,60120.9
1510,1511,6420.0
1511,1512,55565.72
1512,1513,50560.04
1513,1514,5947.32
1514,1515,44244.68
1515,1516,45141.93
1516,1517,4854.65
1517,1518,5268.63
1518,1519,73786.45
1519,1520,5453.09
1520,1521,4621.71
1521,1522,3101.8
1522,1523,5752.55
1523,1524,56394.36
1524,1525,9172.5
1525,1526,12005.34
1526,1527,13459.39
1527,1528,40834.89
1528,1529,5968.59
1529,1530,7485.13
1530,1531,48697.47
1531,1532,5211.57
1532,1533,43400.9
1533,1534,9507.7
1534,1535,7470.3
1535,1536,42320.39
1536,1537,11950.93
1537,1538,13841.15
1538,1539,3842.36
1539,1540,5528.81
1540,1541,5909.68
1541,1542,56091.24
1542,1543,8841.0
1543,1544,42469.51
1544,1545,27942.58
1545,1546,54684.0
1546,1547,24466.88
1547,1548,11326.27
1548,1549,5730.74
1549,1550,46135.4
1550,1551,6047.31
1551,1552,9839.92
1552,1553,73952.18
1553,1554,7914.64
1554,1555,4760.59
1555,1556,4878.79
1556,1557,7734.51
1557,1558,33315.91
1558,1559,12950.85
1559,1560,81353.38
1560,1561,7765.6
1561,1562,6268.36
1562,1563,58425.3
1563,1564,68249.03
1564,1565,7282.04
1565,1566,6367.91
1566,1567,6116.79
1567,1568,7680.78
1568,1569,54489.59
1569,1570,3176.9
1570,1571,8363.27
1571,1572,4603.44
1572,1573,3469.1
1573,1574,18326.45
1574,1575,51256.33
1575,1576,14402.1
1576,1577,7853.66
1577,1578,54991.17
1578,1579,5305.14
1579,1580,6409.23
1580,1581,51476.42
1581,1582,2903.07
1582,1583,69130.11
1583,1584,4884.02
1584,1585,5311.13
1585,1586,12819.53
1586,1587,4199.36
1587,1588,5121.92
1588,1589,45396.33
1589,1590,71827.42
1590,1591,51352.18
1591,1592,5223.68
1592,1593,6603.58
1593,1594,1817.98
1594,1595,7793.38
1595,1596,3001.52
1596,1597,6177.58
1597,1598,22186.64
1598,1599,5747.21
1599,1600,54053.51
1600,1601,11193.98
1601,1602,11157.03
1602,1603,5770.77
1603,1604,11379.71
1604,1605,7861.03
1605,1606,58792.72
1606,1607,4792.15
1607,1608,5920.39
1608,1609,4689.77
1609,1610,53994.7
1610,1611,3946.48
1611,1612,5283.19
1612,1613,5545.63
1613,1614,4939.64
1614,1615,51533.78
1615,1616,53211.23
1616,1617,52575.22
1617,1618,5006.95
1618,1619,6399.98
1619,1620,54870.24
1620,1621,65532.29
1621,1622,5016.63
1622,1623,4711.99
1623,1624,3738.71
1624,1625,5871.51
1625,1626,7013.36
1626,1627,68792.29
1627,1628,8270.03
1628,1629,43237.12
1629,1630,54937.51
1630,1631,9235.06
1631,1632,5402.3
1632,1633,8004.76
1633,1634,5739.58
1634,1635,7428.88
1635,1636,7435.46
1636,1637,11805.21
1637,1638,8666.74
1638,1639,5589.37
1639,1640,5896.82
1640,1641,65485.35
1641,1642,15929.17
1642,1643,13462.0
1643,1644,6931.8
1644,1645,60343.82
1645,1646,6446.46
1646,1647,62002.29
1647,1648,44134.29
1648,1649,6226.49
1649,1650,14333.38
1650,1651,58960.25
1651,1652,11395.68
1652,1653,56584.87
1653,1654,2394.95
1654,1655,14969.48
1655,1656,4457.24
1656,1657,5818.75
1657,1658,55489.6
1658,1659,4450.44
1659,1660,6133.21
1660,1661,51574.22
1661,1662,6117.46
1662,1663,5585.09
1663,1664,55415.41
1664,1665,5433.14
1665,1666,3062.98
1666,1667,11334.96
1667,1668,8184.96
1668,1669,4792.25
1669,1670,49772.93
1670,1671,56527.71
1671,1672,5246.66
1672,1673,4788.54
1673,1674,13551.48
1674,1675,34163.47
1675,1676,58031.69
1676,1677,1760.67
1677,1678,55480.35
1678,1679,5205.41
1679,1680,57558.09
1680,1681,5427.3
1681,1682,57339.41
1682,1683,4938.17
1683,1684,7124.0
1684,1685,3658.65
1685,1686,2501.71
1686,1687,3547.86
1687,1688,5838.6
1688,1689,1732.87
1689,1690,1627.49
1690,1691,5417.04
1691,1692,5512.28
1692,1693,4629.53
1693,1694,56348.93
1694,1695,2411.32
1695,1696,4142.83
1696,1697,6474.07
1697,1698,3961.82
1698,1699,54416.4
1699,1700,6869.73
1700,1701,5499.13
1701,1702,5797.17
1702,1703,5428.66
1703,1704,2796.52
1704,1705,9212.93
1705,1706,6156.98
1706,1707,5893.72
1707,1708,4490.45
1708,1709,7995.33
1709,1710,5101.03
1710,1711,6931.92
1711,1712,14867.34
1712,1713,6936.46
1713,1714,7729.07
1714,1715,52253.57
1715,1716,5179.11
1716,1717,4520.87
1717,1718,9948.55
1718,1719,1873.65
1719,1720,54235.14
1720,1721,22140.0
1721,1722,5935.29
1722,1723,6007.41
1723,1724,7746.36
1724,1725,67987.69
1725,1726,53879.75
1726,1727,5834.26
1727,1728,51941.21
1728,1729,5685.44
1729,1730,4473.81
1730,1731,59980.06
1731,1732,6266.41
1732,1733,18971.48
1733,1734,5060.47
1734,1735,5843.8
1735,1736,39838.96
1736,1737,52196.53
1737,1738,11615.63
1738,1739,2923.52
1739,1740,4511.36
1740,1741,6079.82
1741,1742,1653.48
1742,1743,2110.34
1743,1744,5864.32
1744,1745,5365.88
1745,1746,2595.4
1746,1747,17897.3
1747,1748,4826.51
1748,1749,53328.52
1749,1750,5230.75
1750,1751,49548.74
1751,1752,10366.45
1752,1753,5428.38
1753,1754,69409.65
1754,1755,6083.54
1755,1756,41718.96
1756,1757,52196.69
1757,1758,7849.25
1758,1759,61650.17
1759,1760,25892.45
1760,1761,57000.66
1761,1762,6502.81
1762,1763,5275.51
1763,1764,2141.94
1764,1765,8222.71
1765,1766,1499.07
1766,1767,5194.88
1767,1768,5750.06
1768,1769,10253.5
1769,1770,6759.46
1770,1771,5360.43
1771,1772,13222.1
1772,1773,58042.5
1773,1774,3988.46
1774,1775,59458.48
1775,1776,7226.72
1776,1777,5118.82
1777,1778,7868.3
1778,1779,1146.5
1779,1780,55666.46
1780,1781,11587.42
1781,1782,4803.46
1782,1783,75463.08
1783,1784,6905.88
1784,1785,43317.3
1785,1786,5966.36
1786,1787,7022.23
1787,1788,8547.49
1788,1789,6350.43
1789,1790,2588.09
1790,1791,4378.68
1791,1792,15822.81
1792,1793,4129.91
1793,1794,8036.57
1794,1795,10178.83
1795,1796,6011.4
1796,1797,5761.87
1797,1798,68649.76
1798,1799,1817.93
1799,1800,5400.94
1800,1801,4738.12
1801,1802,5825.09
1802,1803,2211.03
1803,1804,62921.03333333333
1804,1805,11295.43
1805,1806,3095.21
1806,1807,6431.45
1807,1808,5434.68
1808,1809,6382.31
1809,1810,70302.07
1810,1811,7560.62
1811,1812,4817.03
1812,1813,79924.21
1813,1814,6286.22
1814,1815,8348.54
1815,1816,5416.585
1816,1817,62929.36
1817,1818,6260.21
1818,1819,1959.98
1819,1820,4974.94
1820,1821,9326.52
1821,1822,51620.16
1822,1823,25443.34
1823,1824,7529.78
1824,1825,14150.93
1825,1826,6320.07
1826,1827,14466.19
1827,1828,53264.98
1828,1829,18401.06
1829,1830,6273.95
1830,1831,22171.6
1831,1832,42487.26
1832,1833,5297.92
1833,1834,5888.4
1834,1835,28162.59
1835,1836,2215.03
1836,1837,6140.49
1837,1838,5092.2
1838,1839,12290.32
1839,1840,71822.4
1840,1841,5027.73
1841,1842,56238.21
1842,1843,59312.87
1843,1844,14988.8
1844,1845,14070.79
1845,1846,5999.1
1846,1847,5599.82
1847,1848,7523.8
1848,1849,10555.26
1849,1850,6247.6
1850,1851,9968.89
1851,1852,6185.64
1852,1853,4403.77
1853,1854,11450.03
1854,1855,7489.93
1855,1856,5343.85
1856,1857,57980.04
1857,1858,10603.8
1858,1859,6467.3
1859,1860,8125.7
1860,1861,5229.65
1861,1862,48408.66
1862,1863,4949.6
1863,1864,3064.09
1864,1865,63135.88
1865,1866,15723.53
1866,1867,5385.41
1867,1868,4715.79
1868,1869,4636.4
1869,1870,6695.85
1870,1871,4282.54
1871,1872,69642.82
1872,1873,11001.85
1873,1874,10669.57
1874,1875,5635.13
1875,1876,6779.31
1876,1877,14922.28
1877,1878,41515.53
1878,1879,4959.57
1879,1880,2406.02
1880,1881,15632.56
1881,1882,8996.43
1882,1883,10363.47
1883,1884,5962.66
1884,1885,2654.77
1885,1886,2595.81
1886,1887,53619.75
1887,1888,6668.71
1888,1889,4463.25
1889,1890,56484.51
1890,1891,6514.78
1891,1892,5983.17
1892,1893,4791.36
1893,1894,5582.03
1894,1895,6081.66
1895,1896,54601.55
1896,1897,9646.14
1897,1898,1966.91
1898,1899,4573.28
1899,1900,8156.41
1900,1901,4932.36
1901,1902,5417.74
1902,1903,6425.86
1903,1904,5260.49
1904,1905,12687.99
1905,1906,41880.67
1906,1907,1739.76
1907,1908,6342.45
1908,1909,5853.03
1909,1910,3410.58
1910,1911,9817.35
1911,1912,8028.59
1912,1913,5068.07
1913,1914,16843.71
1914,1915,6734.03
1915,1916,6306.22
1916,1917,42185.28
1917,1918,7124.17
1918,1919,5042.0
1919,1920,6551.91
1920,1921,6153.18
1921,1922,72196.19
1922,1923,2418.57
1923,1924,63539.92
1924,1925,6158.77
1925,1926,3593.18
1926,1927,56405.42
1927,1928,6921.72
1928,1929,5032.39
1929,1930,2235.78
1930,1931,7713.33
1931,1932,6734.2
1932,1933,10546.84
1933,1934,12279.49
1934,1935,3546.51
1935,1936,53775.86
1936,1937,8727.59
1937,1938,5893.81
1938,1939,4801.58
1939,1940,2600.43
1940,1941,48788.87
1941,1942,10940.99
1942,1943,6549.65
1943,1944,5946.36
1944,1945,45541.64
1945,1946,3674.86
1946,1947,13903.66
1947,1948,4879.89
1948,1949,5325.13
1949,1950,8542.3
1950,1951,1872.36
1951,1952,7617.84
1952,1953,53227.44
1953,1954,8938.68
1954,1955,60868.64
1955,1956,18887.66
1956,1957,5126.73
1957,1958,47922.44
1958,1959,4071.99
1959,1960,5526.32
1960,1961,50820.27
1961,1962,8367.04
1962,1963,44817.28
1963,1964,55068.96
1964,1965,3643.31
1965,1966,33820.46
1966,1967,11167.53
1967,1968,3101.41
1968,1969,16295.0
1969,1970,5472.13
1970,1971,3854.87
1971,1972,2119.73
1972,1973,40422.98
1973,1974,3909.44
1974,1975,13514.555
1975,1976,3665.57
1976,1977,6389.67
1977,1978,53920.81
1978,1979,4371.56
1979,1980,5210.73
1980,1981,4939.28
1981,1982,60700.53
1982,1983,41412.36
1983,1984,4993.07
1984,1985,66248.25
1985,1986,55930.41
1986,1987,9925.34
1987,1988,47632.99
1988,1989,54513.17
1989,1990,51556.22
1990,1991,6801.84
1991,1992,5376.0
1992,1993,4790.05
1993,1994,4190.98
1994,1995,2509.99
1995,1996,1798.71
1996,1997,12211.77
1997,1998,5036.46
1998,1999,2179.53
1999,2000,7347.62
2000,2001,64439.23
2001,2002,4217.37
2002,2003,4181.87
2003,2004,67539.3
2004,2005,2399.8
2005,2006,6939.72
2006,2007,46111.8
2007,2008,34337.03
2008,2009,62261.21
2009,2010,10863.82
2010,2011,4315.32
2011,2012,5251.06
2012,2013,4921.8
2013,2014,14687.57
2014,2015,12160.59
2015,2016,12252.56
2016,2017,9489.55
2017,2018,11391.66
2018,2019,10798.46
2019,2020,4104.85
2020,2021,7616.76
2021,2022,5854.23
2022,2023,5668.62
2023,2024,9616.86
2024,2025,15272.61
2025,2026,7666.58
2026,2027,2863.18
2027,2028,5846.95
2028,2029,6280.8
2029,2030,4273.1925
2030,2031,16911.59
2031,2032,52474.36
2032,2033,3800.88
2033,2034,32331.04
2034,2035,42857.28
2035,2036,6155.84
2036,2037,2928.78
2037,2038,53501.24666666667
2038,2039,63082.53
2039,2040,56379.37
2040,2041,57357.5
2041,2042,5976.96
2042,2043,4709.69
2043,2044,7224.49
2044,2045,51675.58
2045,2046,50402.06
2046,2047,40457.64
2047,2048,4338.52
2048,2049,5306.16
2049,2050,5119.09
2050,2051,2345.5
2051,2052,39921.36
2052,2053,54872.14
2053,2054,6933.08
2054,2055,45785.15
2055,2056,41974.5
2056,2057,59865.87
2057,2058,6828.1
2058,2059,4409.14
2059,2060,4470.05
2060,2061,62886.84
2061,2062,5185.3
2062,2063,5410.14
2063,2064,5595.12
2064,2065,6409.16
2065,2066,5726.9
2066,2067,6745.69
2067,2068,8517.2
2068,2069,7531.97
2069,2070,5442.65
2070,2071,2512.03
2071,2072,63000.65
2072,2073,4546.55
2073,2074,6440.11
2074,2075,65016.12
2075,2076,14582.19
2076,2077,1777.85
2077,2078,6343.35
2078,2079,6025.1
2079,2080,4113.12
2080,2081,51672.58
2081,2082,5710.84
2082,2083,4922.85
2083,2084,1776.11
2084,2085,49243.69
2085,2086,5326.4
2086,2087,66922.48
2087,2088,69936.13666666667
2088,2089,4608.37
2089,2090,4471.22
2090,2091,11661.65
2091,2092,4780.96
2092,2093,3750.06
2093,2094,56228.81
2094,2095,15008.08
2095,2096,56739.2
2096,2097,11856.01
2097,2098,5977.67
2098,2099,55169.87
2099,2100,8830.29
2100,2101,8719.56
2101,2102,3505.1
2102,2103,72281.63
2103,2104,61220.17
2104,2105,49773.83
2105,2106,5263.82
2106,2107,7741.35
2107,2108,4220.29
2108,2109,11485.32
2109,2110,55300.28
2110,2111,5040.6
2111,2112,6977.51
2112,2113,3574.35
2113,2114,56066.02
2114,2115,6244.63
2115,2116,44480.16
2116,2117,4663.98
2117,2118,4708.54
2118,2119,45474.33
2119,2120,5143.51
2120,2121,48431.1
2121,2122,6211.11
2122,2123,49001.17
2123,2124,7434.21
2124,2125,63389.61
2125,2126,3399.17
2126,2127,50878.94
2127,2128,3685.7
2128,2129,60719.24
2129,2130,4950.18
2130,2131,51130.1
2131,2132,57303.03
2132,2133,3789.8
2133,2134,5655.65
2134,2135,2785.33
2135,2136,3426.43
2136,2137,6117.23
2137,2138,49211.73
2138,2139,4822.07
2139,2140,8365.51
2140,2141,5061.76
2141,2142,55596.76
2142,2143,7778.4
2143,2144,46330.35
2144,2145,4596.9
2145,2146,5155.72
2146,2147,4472.29
2147,2148,4615.36
2148,2149,9325.74
2149,2150,6036.04
2150,2151,6349.88
2151,2152,8388.33
2152,2153,45018.4
2153,2154,49806.28
2154,2155,30699.67
2155,2156,4813.17
2156,2157,12695.16
2157,2158,15020.92
2158,2159,10468.78
2159,2160,7834.21
2160,2161,51741.2
2161,2162,4801.72
2162,2163,56918.66
2163,2164,6815.28
2164,2165,6793.19
2165,2166,4198.64
2166,2167,42928.66
2167,2168,60235.71
2168,2169,6435.95
2169,2170,5198.04
2170,2171,48004.52
2171,2172,4081.46
2172,2173,4913.34
2173,2174,2993.13
2174,2175,5417.23
2175,2176,40380.62
2176,2177,50558.4
2177,2178,54387.71
2178,2179,6699.95
2179,2180,64399.01
2180,2181,3155.72
2181,2182,42519.46
2182,2183,42002.03
2183,2184,4772.51
2184,2185,6738.59
2185,2186,8781.96
2186,2187,16203.98
2187,2188,7843.12
2188,2189,6157.58
2189,2190,10336.02
2190,2191,42798.84
2191,2192,6250.38
2192,2193,6386.32
2193,2194,2253.07
2194,2195,5243.77
2195,2196,60333.95
2196,2197,61609.8
2197,2198,55733.64
2198,2199,3136.72
2199,2200,4353.04
2200,2201,4976.31
2201,2202,5460.39
2202,2203,6127.67
2203,2204,10048.52
2204,2205,4686.42
2205,2206,4888.02
2206,2207,76869.32
2207,2208,4987.55
2208,2209,69866.74
2209,2210,11601.66
2210,2211,13601.45
2211,2212,46129.92
2212,2213,69989.96
2213,2214,11790.18
2214,2215,4912.41
2215,2216,7443.1
2216,2217,58479.41
2217,2218,53545.46
2218,2219,3081.92
2219,2220,54766.97
2220,2221,5616.37
2221,2222,3136.38
2222,2223,5656.98
2223,2224,4418.35
2224,2225,4030.99
2225,2226,6361.47
2226,2227,5130.01
2227,2228,11751.58
2228,2229,11494.71
2229,2230,4550.17
2230,2231,2281.87
2231,2232,58921.32
2232,2233,18153.13
2233,2234,6109.28
2234,2235,55487.45
2235,2236,5016.2
2236,2237,12070.39
2237,2238,4548.12
2238,2239,6840.67
2239,2240,59400.97
2240,2241,9937.34
2241,2242,5249.84
2242,2243,53562.04
2243,2244,2150.0
2244,2245,5010.04
2245,2246,10677.16
2246,2247,3977.41
2247,2248,7156.52
2248,2249,4848.27
2249,2250,7208.47
2250,2251,10467.39
2251,2252,52961.97
2252,2253,8034.32
2253,2254,41183.37
2254,2255,4707.49
2255,2256,6096.62
2256,2257,3259.04
2257,2258,5800.35
2258,2259,5569.22
2259,2260,7540.51
2260,2261,7100.91
2261,2262,10447.12
2262,2263,11182.7
2263,2264,7508.3
2264,2265,2725.43
2265,2266,26577.84
2266,2267,43339.56
2267,2268,11006.3
2268,2269,6102.53
2269,2270,5323.73
2270,2271,2915.38
2271,2272,5351.99
2272,2273,2186.62
2273,2274,46154.58
2274,2275,45669.95
2275,2276,3128.39
2276,2277,10005.31
2277,2278,2472.49
2278,2279,7217.12
2279,2280,41580.94
2280,2281,4404.8
2281,2282,64271.12
2282,2283,59673.01
2283,2284,8244.22
2284,2285,7244.78
2285,2286,48803.04
2286,2287,57918.98
2287,2288,2333.03
2288,2289,5864.96
2289,2290,4140.07
2290,2291,5174.59
2291,2292,2249.35
2292,2293,19735.28
2293,2294,8197.89
2294,2295,6769.93
2295,2296,6684.32
2296,2297,28004.22
2297,2298,6561.42
2298,2299,10482.39
2299,2300,3448.09
2300,2301,45176.89
2301,2302,5334.1
2302,2303,55262.76
2303,2304,7940.33
2304,2305,47758.88
2305,2306,6357.51
2306,2307,16538.78
2307,2308,71313.33
2308,2309,4073.85
2309,2310,7697.64
2310,2311,60084.42
2311,2312,12323.83
2312,2313,54475.95
2313,2314,5312.69
2314,2315,14010.01
2315,2316,5885.94
2316,2317,53680.05
2317,2318,23057.98
2318,2319,13016.59
2319,2320,6568.99
2320,2321,55043.09
2321,2322,3087.05
2322,2323,16685.11
2323,2324,8124.33
2324,2325,5924.8
2325,2326,5735.26
2326,2327,12572.36
2327,2328,34607.39
2328,2329,6465.84
2329,2330,6180.65
2330,2331,45460.81
2331,2332,8723.41
2332,2333,6516.85
2333,2334,12027.0
2334,2335,51381.18
2335,2336,49189.8
2336,2337,55687.47
2337,2338,2014.79
2338,2339,40267.56
2339,2340,8232.33
2340,2341,42078.42
2341,2342,5093.26
2342,2343,44185.06
2343,2344,6447.76
2344,2345,55098.52
2345,2346,4578.7
2346,2347,8012.37
2347,2348,10202.6
2348,2349,5826.75
2349,2350,55055.84
2350,2351,4202.33
2351,2352,4658.81
2352,2353,4758.14
2353,2354,2608.97
2354,2355,5607.04
2355,2356,46644.42
2356,2357,60780.54
2357,2358,4898.35
2358,2359,5279.45
2359,2360,6727.9
2360,2361,55688.09
2361,2362,65180.74
2362,2363,4665.87
2363,2364,52361.7
2364,2365,6557.94
2365,2366,62015.04
2366,2367,4430.34
2367,2368,71986.22
2368,2369,59681.3
2369,2370,6155.78
2370,2371,5758.85
2371,2372,4903.0475
2372,2373,5982.99
2373,2374,4542.29
2374,2375,4075.94
2375,2376,50196.16
2376,2377,13200.75
2377,2378,55516.59
2378,2379,4745.0
2379,2380,25364.66
2380,2381,3859.1
2381,2382,10330.48
2382,2383,84519.47
2383,2384,9155.47
2384,2385,10550.09
2385,2386,53391.18
2386,2387,5006.79
2387,2388,5547.95
2388,2389,2654.37
2389,2390,50431.67
2390,2391,6464.18
2391,2392,11479.41
2392,2393,8054.13
2393,2394,13314.68
2394,2395,22191.84
2395,2396,52736.37
2396,2397,4428.52
2397,2398,9021.06
2398,2399,6263.03
2399,2400,16349.24
2400,2401,58016.98
2401,2402,4511.96
2402,2403,32490.6
2403,2404,43944.07
2404,2405,6304.74
2405,2406,4369.19
2406,2407,4685.68
2407,2408,9425.02
2408,2409,13005.47
2409,2410,38952.62
2410,2411,6599.23
2411,2412,6168.59
2412,2413,2790.15
2413,2414,61251.6
2414,2415,9128.68
2415,2416,43687.97
2416,2417,11035.81
2417,2418,4993.74
2418,2419,5727.07
2419,2420,6094.46
2420,2421,7300.36
2421,2422,66199.73
2422,2423,4673.2
2423,2424,2640.55
2424,2425,5007.1
2425,2426,62784.2
2426,2427,5539.59
2427,2428,52049.56
2428,2429,57594.0
2429,2430,12529.25
2430,2431,22186.52
2431,2432,67383.7
2432,2433,7744.26
2433,2434,6481.54
2434,2435,7672.26
2435,2436,5336.32
2436,2437,53159.5
2437,2438,51896.63
2438,2439,4520.91
2439,2440,56735.62
2440,2441,4824.16
2441,2442,6717.33
2442,2443,5744.61
2443,2444,2457.1
2444,2445,2988.3
2445,2446,11183.59
2446,2447,6963.88
2447,2448,7394.76
2448,2449,4713.7
2449,2450,6006.5
2450,2451,3882.48
2451,2452,11271.99
2452,2453,7815.84
2453,2454,48564.95
2454,2455,15163.34
2455,2456,52818.0
2456,2457,23944.0
2457,2458,15720.67
2458,2459,41196.68
2459,2460,46275.11
2460,2461,6437.14
2461,2462,6227.85
2462,2463,5568.66
2463,2464,7459.58
2464,2465,4473.78
2465,2466,2055.98
2466,2467,4639.8
2467,2468,6343.54
2468,2469,5381.16
2469,2470,6047.15
2470,2471,7535.52
2471,2472,4364.38
2472,2473,4426.8
2473,2474,4486.17
2474,2475,7534.23
2475,2476,4861.71
2476,2477,3849.88
2477,2478,15032.84
2478,2479,88636.11
2479,2480,4968.29
2480,2481,33978.97
2481,2482,6038.54
2482,2483,68597.76
2483,2484,52964.84
2484,2485,59062.97
2485,2486,5421.08
2486,2487,5937.91
2487,2488,53472.11
2488,2489,3142.17
2489,2490,7801.69
2490,2491,58603.17
2491,2492,12783.94
2492,2493,4763.56
2493,2494,4381.37
2494,2495,4111.07
2495,2496,5397.58
2496,2497,2440.05
2497,2498,10051.76
2498,2499,66312.43
2499,2500,3699.23
2500,2501,52050.4
2501,2502,10743.29
2502,2503,3169.85
2503,2504,14494.53
2504,2505,53676.07
2505,2506,3167.62
2506,2507,17644.65
2507,2508,8945.6
2508,2509,4310.6
2509,2510,4632.02
2510,2511,53607.55
2511,2512,11035.31
2512,2513,3463.64
2513,2514,6129.91
2514,2515,13789.57
2515,2516,5039.88
2516,2517,2287.37
2517,2518,52711.15
2518,2519,66978.8
2519,2520,60292.96
2520,2521,3833.44
2521,2522,69387.99
2522,2523,55935.04
2523,2524,46711.84
2524,2525,64600.74
2525,2526,6496.33
2526,2527,7069.71
2527,2528,14190.0
2528,2529,3252.49
2529,2530,7683.89
2530,2531,59749.53
2531,2532,59386.36
2532,2533,4861.13
2533,2534,54062.32
2534,2535,6835.47
2535,2536,7560.03
2536,2537,4126.96
2537,2538,8118.02
2538,2539,3275.24
2539,2540,57653.62
2540,2541,12540.95
2541,2542,12115.84
2542,2543,27897.57
2543,2544,23110.78
2544,2545,4675.19
2545,2546,54684.0
2546,2547,6131.62
2547,2548,2124.59
2548,2549,43866.0
2549,2550,6060.08
2550,2551,5172.6465
2551,2552,8362.71
2552,2553,6649.53
2553,2554,45156.62
2554,2555,65132.46
2555,2556,7927.95
2556,2557,5830.88
2557,2558,2271.83
2558,2559,3047.16
2559,2560,7913.93
2560,2561,6641.2
2561,2562,5898.12
2562,2563,14256.56
2563,2564,4530.48
2564,2565,14912.61
2565,2566,13997.07
2566,2567,3643.3
2567,2568,8679.7
2568,2569,7538.79
2569,2570,49476.99
2570,2571,65442.9
2571,2572,2124.0
2572,2573,2145.66
2573,2574,52691.58
2574,2575,4552.47
2575,2576,49268.38
2576,2577,69156.58
2577,2578,7648.96
2578,2579,3882.55
2579,2580,68877.48
2580,2581,52472.11
2581,2582,55945.5
2582,2583,44312.77
2583,2584,5284.44
2584,2585,6070.71
2585,2586,5221.1
2586,2587,49715.69
2587,2588,5419.89
2588,2589,4957.92
2589,2590,5906.54
2590,2591,4153.98
2591,2592,3277.72
2592,2593,6078.91
2593,2594,43081.16
2594,2595,10014.93
2595,2596,40096.11
2596,2597,12913.97
2597,2598,62429.16
2598,2599,4836.39
2599,2600,63955.63
2600,2601,10622.74
2601,2602,4023.02
2602,2603,67388.2
2603,2604,4712.11
2604,2605,16366.68
2605,2606,57270.4
2606,2607,6421.77
2607,2608,5721.04
2608,2609,4521.59
2609,2610,5716.35
2610,2611,9322.63
2611,2612,12697.12
2612,2613,3522.61
2613,2614,5950.55
2614,2615,46140.09
2615,2616,6998.28
2616,2617,4978.38
2617,2618,69322.62
2618,2619,18287.9
2619,2620,8841.86
2620,2621,2583.03
2621,2622,3997.26
2622,2623,7230.8
2623,2624,55601.55
2624,2625,55635.02
2625,2626,5886.81
2626,2627,66613.16
2627,2628,54263.92
2628,2629,55361.98
2629,2630,7142.3
2630,2631,5284.36
2631,2632,4575.36
2632,2633,55498.51
2633,2634,9470.89
2634,2635,3406.08
2635,2636,4063.93
2636,2637,7160.05
2637,2638,66820.15333333334
2638,2639,11687.86
2639,2640,5853.41
2640,2641,4062.69
2641,2642,56140.9
2642,2643,39445.12
2643,2644,3844.11
2644,2645,4224.57
2645,2646,2556.16
2646,2647,33977.72
2647,2648,9126.46
2648,2649,6349.77
2649,2650,52920.49
2650,2651,58879.97
2651,2652,2308.33
2652,2653,5766.52
2653,2654,3845.93
2654,2655,4709.35
2655,2656,4890.56
2656,2657,50411.83
2657,2658,55778.55
2658,2659,53619.55
2659,2660,49725.0
2660,2661,63540.2
2661,2662,2309.19
2662,2663,56553.5
2663,2664,7807.08
2664,2665,5672.66
2665,2666,40858.54
2666,2667,57820.59
2667,2668,54774.61
2668,2669,59309.43
2669,2670,5850.83
2670,2671,11340.69
2671,2672,4666.65
2672,2673,9738.91
2673,2674,4504.23
2674,2675,7326.46
2675,2676,7002.44
2676,2677,2422.39
2677,2678,3309.18
2678,2679,2375.56
2679,2680,5734.95
2680,2681,5623.17
2681,2682,7849.87
2682,2683,3085.51
2683,2684,6030.06
2684,2685,4750.85
2685,2686,5783.14
2686,2687,62039.46
2687,2688,47934.02
2688,2689,13207.74
2689,2690,15954.72
2690,2691,23590.04
2691,2692,4236.04
2692,2693,8749.03
2693,2694,2271.18
2694,2695,10416.06
2695,2696,3054.31
2696,2697,7848.01
2697,2698,11132.89
2698,2699,60842.83
2699,2700,51248.09
2700,2701,46540.45
2701,2702,3124.19
2702,2703,7019.41
2703,2704,4474.13
2704,2705,15662.15
2705,2706,5760.49
2706,2707,38887.99
2707,2708,49737.8
2708,2709,6059.85
2709,2710,52356.9
2710,2711,4978.82
2711,2712,6278.81
2712,2713,4381.34
2713,2714,56501.75
2714,2715,6850.11
2715,2716,5107.38
2716,2717,58613.3
2717,2718,4255.16
2718,2719,5974.16
2719,2720,6972.85
2720,2721,2420.55
2721,2722,13075.26
2722,2723,63743.0
2723,2724,19298.09
2724,2725,2873.98
2725,2726,3641.55
2726,2727,5917.05
2727,2728,5084.15
2728,2729,2487.23
2729,2730,10701.09
2730,2731,55614.03
2731,2732,2609.05
2732,2733,6379.85
2733,2734,51327.93
2734,2735,4766.88
2735,2736,7300.59
2736,2737,49635.06
2737,2738,4476.95
2738,2739,58353.43
2739,2740,5905.85
2740,2741,8922.53
2741,2742,6519.79
2742,2743,67379.02
2743,2744,5660.53
2744,2745,56007.9
2745,2746,6110.01
2746,2747,4451.3
2747,2748,59127.48
2748,2749,7135.16
2749,2750,11132.37
2750,2751,58260.85
2751,2752,7020.45
2752,2753,65076.84
2753,2754,4615.03
2754,2755,5708.8
2755,2756,6057.59
2756,2757,61746.72
2757,2758,2579.06
2758,2759,42754.51
2759,2760,7066.8
2760,2761,51541.53
2761,2762,18122.27
2762,2763,6423.3
2763,2764,51891.25
2764,2765,12735.61
2765,2766,9381.15
2766,2767,8067.98
2767,2768,58535.28
2768,2769,10494.19
2769,2770,49466.71
2770,2771,3194.78
2771,2772,2927.84
2772,2773,3438.52
2773,2774,3361.96
2774,2775,11341.46
2775,2776,6439.09
2776,2777,9710.66
2777,2778,13223.62
2778,2779,9442.62
2779,2780,52716.16
2780,2781,53826.9
2781,2782,7665.6
2782,2783,8480.64
2783,2784,12979.38
2784,2785,6632.08
2785,2786,3759.68
2786,2787,8426.26
2787,2788,6172.34
2788,2789,6363.38
2789,2790,3094.99
2790,2791,2318.77
2791,2792,1855.62
2792,2793,50878.02
2793,2794,4465.76
2794,2795,52279.34
2795,2796,8379.3
2796,2797,10828.25
2797,2798,5590.67
2798,2799,47847.77
2799,2800,6635.3
2800,2801,5440.92
2801,2802,4265.22
2802,2803,27912.51
2803,2804,3247.03
2804,2805,6072.83
2805,2806,60651.19
2806,2807,62908.47
2807,2808,4648.8
2808,2809,54296.79
2809,2810,6354.85
2810,2811,4503.22
2811,2812,6329.87
2812,2813,11487.27
2813,2814,1904.95
2814,2815,8271.14
2815,2816,7736.95
2816,2817,7734.97
2817,2818,5577.46
2818,2819,2654.61
2819,2820,3921.0
2820,2821,7912.31
2821,2822,5611.84
2822,2823,4149.74
2823,2824,5079.14
2824,2825,2530.56
2825,2826,8160.24
2826,2827,4888.44
2827,2828,53138.09
2828,2829,7729.42
2829,2830,4668.02
2830,2831,3666.64
2831,2832,6368.5
2832,2833,4726.18
2833,2834,4949.87
2834,2835,9025.54
2835,2836,2202.27
2836,2837,6673.96
2837,2838,47003.69
2838,2839,59158.08
2839,2840,5481.82
2840,2841,44110.5
2841,2842,49519.63
2842,2843,54258.16
2843,2844,55428.75
2844,2845,2679.42
2845,2846,5254.48
2846,2847,22603.96
2847,2848,7418.26
2848,2849,3007.08
2849,2850,54776.42
2850,2851,5509.93
2851,2852,6262.98
2852,2853,48360.54
2853,2854,51055.57
2854,2855,13429.23
2855,2856,8646.08
2856,2857,51298.36
2857,2858,5362.11
2858,2859,17989.63
2859,2860,6899.53
2860,2861,4419.0
2861,2862,8502.04
2862,2863,4220.18
2863,2864,60299.69
2864,2865,2845.34
2865,2866,3642.98
2866,2867,6167.32
2867,2868,14882.2
2868,2869,54013.2
2869,2870,12042.36
2870,2871,47447.05
2871,2872,53755.16
2872,2873,9480.16
2873,2874,12253.62
2874,2875,6379.81
2875,2876,5981.63
2876,2877,5353.57
2877,2878,7425.06
2878,2879,10281.6
2879,2880,38524.74
2880,2881,2994.84
2881,2882,52640.68
2882,2883,45547.69
2883,2884,6952.58
2884,2885,3750.15
2885,2886,43794.68
2886,2887,8322.15
2887,2888,23805.9
2888,2889,3093.96
2889,2890,1618.94
2890,2891,5910.19
2891,2892,43999.96
2892,2893,6746.98
2893,2894,4055.21
2894,2895,8461.59
2895,2896,14900.72
2896,2897,5155.1
2897,2898,3586.44
2898,2899,11964.51
2899,2900,6623.82
2900,2901,5005.35
2901,2902,55257.51
2902,2903,12537.18
2903,2904,50254.59
2904,2905,5269.87
2905,2906,48721.62
2906,2907,5956.08
2907,2908,50588.5
2908,2909,45687.5
2909,2910,10948.69
2910,2911,7176.21
2911,2912,5252.85
2912,2913,7009.49
2913,2914,51952.69
2914,2915,5691.4
2915,2916,5580.55
2916,2917,4888.97
2917,2918,8647.56
2918,2919,56363.32
2919,2920,11667.74
2920,2921,3155.98
2921,2922,7751.45
2922,2923,11862.02
2923,2924,51275.53
2924,2925,15906.06
2925,2926,8048.68
2926,2927,5323.81
2927,2928,5265.86
2928,2929,38482.72
2929,2930,9517.56
2930,2931,17669.71
2931,2932,5527.54
2932,2933,69173.41
2933,2934,14629.69
2934,2935,56881.26
2935,2936,49091.18
2936,2937,8370.03
2937,2938,7068.84
2938,2939,5295.67
2939,2940,4514.72
2940,2941,55735.44
2941,2942,6093.34
2942,2943,5223.91
2943,2944,2365.84
2944,2945,14135.65
2945,2946,58717.25
2946,2947,12297.71
2947,2948,47178.66
2948,2949,4353.53
2949,2950,5953.16
2950,2951,6495.81
2951,2952,7350.6
2952,2953,56388.81
2953,2954,17405.02
2954,2955,48432.31
2955,2956,12279.44
2956,2957,5830.28
2957,2958,6079.9
2958,2959,6788.72
2959,2960,6894.95
2960,2961,3777.65
2961,2962,3232.26
2962,2963,10226.8
2963,2964,7934.93
2964,2965,54518.5
2965,2966,3932.57
2966,2967,4502.55
2967,2968,54431.55333333333
2968,2969,5003.47
2969,2970,17862.41
2970,2971,5609.25
2971,2972,8047.61
2972,2973,2287.87
2973,2974,8491.84
2974,2975,46682.43
2975,2976,54445.66
2976,2977,15729.36
2977,2978,4908.0
2978,2979,6476.89
2979,2980,5862.871666666668
2980,2981,5655.37
2981,2982,51929.85
2982,2983,11708.94
2983,2984,58081.8
2984,2985,5619.94
2985,2986,6822.16
2986,2987,7388.16
2987,2988,63168.69
2988,2989,12437.905
2989,2990,3813.67
2990,2991,57002.49
2991,2992,46329.27
2992,2993,1888.32
2993,2994,4777.12
2994,2995,3186.38
2995,2996,45509.65
2996,2997,6089.0
2997,2998,45178.77
2998,2999,6000.88
2999,3000,5695.95
3000,3001,7536.03
3001,3002,57758.38
3002,3003,3586.37
3003,3004,6148.72
3004,3005,5036.03
3005,3006,52053.84
3006,3007,6813.31
3007,3008,51483.03
3008,3009,7406.15
3009,3010,65447.34
3010,3011,8752.56
3011,3012,5602.36
3012,3013,2643.91
3013,3014,41367.38
3014,3015,43237.92
3015,3016,46512.43
3016,3017,76313.75
3017,3018,58808.09
3018,3019,8867.83
3019,3020,3545.48
3020,3021,5611.88
3021,3022,3823.53
3022,3023,2844.26
3023,3024,7077.39
3024,3025,5260.95
3025,3026,7814.22
3026,3027,59016.35
3027,3028,6174.96
3028,3029,6734.37
3029,3030,5731.58
3030,3031,4067.99
3031,3032,6382.07
3032,3033,56967.07
3033,3034,6038.67
3034,3035,48244.93
3035,3036,4415.66
3036,3037,5962.83
3037,3038,4749.66
3038,3039,16650.03
3039,3040,50358.21
3040,3041,5678.49
3041,3042,13005.07
3042,3043,4417.25
3043,3044,3951.25
3044,3045,7061.77
3045,3046,4184.96
3046,3047,63123.67
3047,3048,9540.64
3048,3049,63599.41
3049,3050,2291.04
3050,3051,46534.35
3051,3052,54239.04
3052,3053,5871.52
3053,3054,53572.56
3054,3055,52538.94
3055,3056,3549.29
3056,3057,7229.67
3057,3058,60504.64
3058,3059,2412.92
3059,3060,4330.07
3060,3061,54187.41
3061,3062,5258.74
3062,3063,3057.27
3063,3064,12658.69
3064,3065,6333.09
3065,3066,27870.05
3066,3067,4788.42
3067,3068,2525.3
3068,3069,7373.94
3069,3070,8337.91
3070,3071,6064.68
3071,3072,55299.39
3072,3073,6809.3
3073,3074,2690.03
3074,3075,5370.95
3075,3076,45995.84
3076,3077,12111.23
3077,3078,3952.08
3078,3079,2431.35
3079,3080,3408.56
3080,3081,55140.42
3081,3082,14444.3
3082,3083,11101.315
3083,3084,7763.29
3084,3085,12974.34
3085,3086,11881.48
3086,3087,10409.94
3087,3088,4498.36
3088,3089,4878.02
3089,3090,7880.29
3090,3091,3397.42
3091,3092,7270.62
3092,3093,6265.38
3093,3094,5704.25
3094,3095,4547.23
3095,3096,6385.34
3096,3097,6320.76
3097,3098,54366.13
3098,3099,7265.54
3099,3100,6068.06
3100,3101,55395.01
3101,3102,32320.64
3102,3103,5506.09
3103,3104,8777.34
3104,3105,6674.7
3105,3106,19891.27
3106,3107,54018.86
3107,3108,47868.77
3108,3109,5917.21
3109,3110,58772.54
3110,3111,47437.18
3111,3112,5273.05
3112,3113,5287.56
3113,3114,2524.91
3114,3115,49907.38
3115,3116,2953.81
3116,3117,10270.65
3117,3118,4168.535
3118,3119,7762.29
3119,3120,57706.99
3120,3121,63103.91
3121,3122,54032.21
3122,3123,2880.0
3123,3124,64678.6
3124,3125,34768.04
3125,3126,4454.52
3126,3127,7821.15
3127,3128,57200.16
3128,3129,55216.28
3129,3130,2201.07
3130,3131,6302.2
3131,3132,11429.7
3132,3133,4531.28
3133,3134,2342.55
3134,3135,6554.49
3135,3136,64663.39
3136,3137,56866.76
3137,3138,7182.51
3138,3139,5189.11
3139,3140,51308.84
3140,3141,4429.8
3141,3142,50271.0
3142,3143,49029.02
3143,3144,5215.01
3144,3145,12566.95
3145,3146,50192.32
3146,3147,3094.64
3147,3148,4285.47
3148,3149,7125.56
3149,3150,1781.25
3150,3151,59791.34
3151,3152,6439.49
3152,3153,13540.26
3153,3154,49194.74
3154,3155,7396.116
3155,3156,5621.16
3156,3157,4934.49
3157,3158,6433.64
3158,3159,5626.61
3159,3160,11072.28
3160,3161,4005.15
3161,3162,40886.4
3162,3163,74505.59
3163,3164,6590.83
3164,3165,14899.78
3165,3166,5949.0
3166,3167,1946.35
3167,3168,41614.43
3168,3169,6648.83
3169,3170,6890.76
3170,3171,6117.9
3171,3172,13493.6625
3172,3173,11594.2
3173,3174,5968.83
3174,3175,5949.0
3175,3176,6309.96
3176,3177,4843.69
3177,3178,3674.41
3178,3179,8822.14
3179,3180,9626.4
3180,3181,61675.82
3181,3182,55447.46
3182,3183,16744.99
3183,3184,2350.89
3184,3185,4247.47
3185,3186,4370.92
3186,3187,4833.36
3187,3188,7737.35
3188,3189,3500.4
3189,3190,5950.61
3190,3191,53128.18
3191,3192,60373.51
3192,3193,45058.43
3193,3194,61548.22
3194,3195,52213.14
3195,3196,6691.36
3196,3197,5179.59
3197,3198,40866.4
3198,3199,73064.3
3199,3200,65923.23
3200,3201,10574.55
3201,3202,9346.08
3202,3203,8291.26
3203,3204,13526.16
3204,3205,30117.45
3205,3206,5825.89
3206,3207,60939.0
3207,3208,4993.99
3208,3209,77453.08
3209,3210,6655.19
3210,3211,5663.5
3211,3212,4156.31
3212,3213,4341.0
3213,3214,6081.01
3214,3215,54669.56
3215,3216,4705.91
3216,3217,23701.26
3217,3218,6202.7
3218,3219,4833.78
3219,3220,31140.01
3220,3221,57950.64
3221,3222,5010.53
3222,3223,47584.28
3223,3224,6327.9
3224,3225,5612.09
3225,3226,61454.48
3226,3227,4673.87
3227,3228,4218.1
3228,3229,4729.77
3229,3230,6993.68
3230,3231,8612.63
3231,3232,5046.05
3232,3233,10183.2
3233,3234,5255.09
3234,3235,13143.34
3235,3236,2764.99
3236,3237,4320.12
3237,3238,5293.01
3238,3239,1955.13
3239,3240,4651.39
3240,3241,3194.05
3241,3242,5977.3
3242,3243,5104.16
3243,3244,60655.25
3244,3245,39970.49
3245,3246,54852.76
3246,3247,57090.21
3247,3248,5935.74
3248,3249,10528.06
3249,3250,9549.57
3250,3251,52478.01
3251,3252,5765.12
3252,3253,69511.64
3253,3254,5710.46
3254,3255,4444.08
3255,3256,5988.44
3256,3257,66341.62
3257,3258,54411.0
3258,3259,6187.81
3259,3260,5061.51
3260,3261,23048.88
3261,3262,2185.34
3262,3263,5955.68
3263,3264,13871.04
3264,3265,6256.5
3265,3266,3136.3
3266,3267,2986.11
3267,3268,6742.4
3268,3269,2670.73
3269,3270,7221.7
3270,3271,2673.76
3271,3272,17850.51
3272,3273,6609.07
3273,3274,5183.37
3274,3275,6214.54
3275,3276,22706.48
3276,3277,2962.18
3277,3278,57191.92
3278,3279,51881.07
3279,3280,5471.35
3280,3281,5980.5
3281,3282,5833.13
3282,3283,6685.41
3283,3284,4402.23
3284,3285,5498.46
3285,3286,4996.91
3286,3287,13212.7
3287,3288,4406.81
3288,3289,13656.82
3289,3290,8134.33
3290,3291,51257.95
3291,3292,10734.74
3292,3293,11304.48
3293,3294,56170.16
3294,3295,59985.53
3295,3296,52235.57
3296,3297,4748.48
3297,3298,6146.92
3298,3299,4587.45
3299,3300,4535.0
3300,3301,14645.6
3301,3302,7199.3
3302,3303,55990.06
3303,3304,3962.67
3304,3305,5235.59
3305,3306,5837.04
3306,3307,5708.7
3307,3308,45940.24
3308,3309,4493.7
3309,3310,40561.52
3310,3311,5598.71
3311,3312,38559.02
3312,3313,16958.86
3313,3314,5390.91
3314,3315,5528.6
3315,3316,28295.34
3316,3317,6377.14
3317,3318,10483.98
3318,3319,56079.01
3319,3320,5874.95
3320,3321,2651.37
3321,3322,5828.16
3322,3323,4291.25
3323,3324,2892.18
3324,3325,7489.97
3325,3326,3229.83
3326,3327,44875.66
3327,3328,14586.92
3328,3329,4716.0
3329,3330,6375.09
3330,3331,12236.75
3331,3332,3727.57
3332,3333,6548.16
3333,3334,7510.16
3334,3335,53766.05
3335,3336,59027.51
3336,3337,13259.14
3337,3338,4338.84
3338,3339,60853.57
3339,3340,4881.81
3340,3341,9589.02
3341,3342,4483.19
3342,3343,2134.74
3343,3344,2468.49
3344,3345,42886.1
3345,3346,55659.23
3346,3347,11544.38
3347,3348,4655.06
3348,3349,66111.06
3349,3350,54498.25
3350,3351,4865.2
3351,3352,6444.76
3352,3353,6131.88
3353,3354,4584.96
3354,3355,9675.99
3355,3356,6720.24
3356,3357,6792.87
3357,3358,14334.65
3358,3359,2772.83
3359,3360,57037.31
3360,3361,49609.28
3361,3362,4497.65
3362,3363,11344.36
3363,3364,2680.54
3364,3365,5478.4
3365,3366,6828.03
3366,3367,7871.48
3367,3368,12177.84
3368,3369,5493.49
3369,3370,7515.78
3370,3371,3704.65
3371,3372,2049.59
3372,3373,33932.55
3373,3374,6486.25
3374,3375,53866.64
3375,3376,47841.33
3376,3377,10642.53
3377,3378,4667.51
3378,3379,54832.8
3379,3380,55406.4
3380,3381,5989.37
3381,3382,2446.87
3382,3383,10691.12
3383,3384,2903.57
3384,3385,3095.44
3385,3386,61287.04
3386,3387,5620.67
3387,3388,14104.1
3388,3389,8656.07
3389,3390,4696.8
3390,3391,57478.39
3391,3392,36158.72
3392,3393,42435.76
3393,3394,60959.34
3394,3395,55900.63
3395,3396,57124.56
3396,3397,2982.54
3397,3398,2848.75
3398,3399,50792.42
3399,3400,6181.4
3400,3401,59530.54
3401,3402,57013.94
3402,3403,8573.57
3403,3404,15612.26
3404,3405,19106.91
3405,3406,5581.18
3406,3407,13486.2
3407,3408,5833.26
3408,3409,7975.99
3409,3410,55663.47
3410,3411,4695.04
3411,3412,8387.02
3412,3413,2339.11
3413,3414,2249.35
3414,3415,41128.16
3415,3416,9499.5
3416,3417,54513.78
3417,3418,70165.94
3418,3419,6023.35
3419,3420,5452.79
3420,3421,5507.44
3421,3422,15603.94
3422,3423,4197.76
3423,3424,9968.55
3424,3425,53354.35
3425,3426,22140.0
3426,3427,17463.05
3427,3428,49659.4
3428,3429,6503.48
3429,3430,47828.66
3430,3431,3287.89
3431,3432,5088.33
3432,3433,3550.43
3433,3434,5659.14
3434,3435,4630.14
3435,3436,13073.07
3436,3437,60601.35
3437,3438,14631.18
3438,3439,5400.12
3439,3440,5162.03
3440,3441,6102.79
3441,3442,10974.7
3442,3443,55451.41
3443,3444,4946.2
3444,3445,8026.91
3445,3446,45578.07
3446,3447,6379.84
3447,3448,6123.06
3448,3449,58965.79
3449,3450,5099.07
3450,3451,5395.05
3451,3452,5352.63
3452,3453,53575.21
3453,3454,3784.64
3454,3455,12608.07
3455,3456,54238.05
3456,3457,49159.65
3457,3458,13905.63
3458,3459,55864.66
3459,3460,49600.62
3460,3461,2814.49
3461,3462,6894.55
3462,3463,3113.41
3463,3464,5264.76
3464,3465,60885.58
3465,3466,4542.41
3466,3467,6043.39
3467,3468,46313.41
3468,3469,62745.4
3469,3470,1938.47
3470,3471,41482.51
3471,3472,69978.65
3472,3473,57440.16
3473,3474,54474.29
3474,3475,22991.12
3475,3476,15835.09
3476,3477,4170.1
3477,3478,14837.63
3478,3479,58810.38
3479,3480,4314.64
3480,3481,5625.6
3481,3482,42523.95
3482,3483,38964.75
3483,3484,27776.16
3484,3485,61893.98
3485,3486,5929.44
3486,3487,11313.34
3487,3488,17157.1
3488,3489,5434.75
3489,3490,39453.44
3490,3491,9310.3
3491,3492,12371.63
3492,3493,31573.08
3493,3494,3232.37
3494,3495,7741.29
3495,3496,15209.13
3496,3497,7720.85
3497,3498,7125.64
3498,3499,5934.84
3499,3500,5553.31
3500,3501,13503.49
3501,3502,61959.44
3502,3503,44544.21
3503,3504,14928.41
3504,3505,57510.58
3505,3506,13524.69
3506,3507,5981.78
3507,3508,5576.2
3508,3509,3420.92
3509,3510,58849.98
3510,3511,3510.4
3511,3512,58944.09
3512,3513,4441.14
3513,3514,51232.09
3514,3515,11214.61
3515,3516,2704.38
3516,3517,13022.36
3517,3518,11928.62
3518,3519,8609.03
3519,3520,6075.72
3520,3521,13243.72
3521,3522,5884.04
3522,3523,5768.536
3523,3524,2184.22
3524,3525,5617.92
3525,3526,5940.82
3526,3527,49557.18
3527,3528,5667.58
3528,3529,4953.22
3529,3530,5732.97
3530,3531,3924.76
3531,3532,8489.12
3532,3533,9088.74
3533,3534,2798.4
3534,3535,42857.38
3535,3536,42373.89
3536,3537,4564.33
3537,3538,5046.39
3538,3539,5912.15
3539,3540,4749.93
3540,3541,3377.56
3541,3542,1952.21
3542,3543,7124.16
3543,3544,2239.77
3544,3545,4510.96
3545,3546,3350.06
3546,3547,4485.39
3547,3548,33825.02
3548,3549,53921.53
3549,3550,48963.7
3550,3551,5405.48
3551,3552,5589.17
3552,3553,4422.12
3553,3554,48751.17
3554,3555,60347.24
3555,3556,4385.62
3556,3557,5147.24
3557,3558,5758.8
3558,3559,10390.64
3559,3560,60646.76
3560,3561,54812.76
3561,3562,6702.09
3562,3563,6409.14
3563,3564,3059.44
3564,3565,13731.215
3565,3566,2961.38
3566,3567,7043.82
3567,3568,3609.05
3568,3569,2687.02
3569,3570,68557.32
3570,3571,2497.06
3571,3572,4446.52
3572,3573,7007.5
3573,3574,12084.6
3574,3575,62819.95333333333
3575,3576,56075.74
3576,3577,14437.98
3577,3578,3887.53
3578,3579,5085.53
3579,3580,45998.41
3580,3581,51734.91
3581,3582,74575.09
3582,3583,22152.0
3583,3584,34297.4
3584,3585,51741.17
3585,3586,3959.12
3586,3587,6204.93
3587,3588,54670.44
3588,3589,54372.68
3589,3590,14130.37
3590,3591,5238.76
3591,3592,64529.77
3592,3593,12487.42
3593,3594,8314.69
3594,3595,6338.73
3595,3596,13531.52
3596,3597,54600.39
3597,3598,7680.54
3598,3599,52508.56
3599,3600,2339.0
3600,3601,4408.97
3601,3602,6147.64
3602,3603,12300.56
3603,3604,7379.69
3604,3605,53631.9
3605,3606,8469.81
3606,3607,40300.06
3607,3608,55893.83
3608,3609,4860.91
3609,3610,5460.91
3610,3611,65427.41
3611,3612,12343.82
3612,3613,4731.46
3613,3614,62394.43
3614,3615,4953.36
3615,3616,10996.63
3616,3617,4147.67
3617,3618,12010.55
3618,3619,7040.61
3619,3620,5015.83
3620,3621,11246.95
3621,3622,52179.15
3622,3623,4656.7
3623,3624,8885.63
3624,3625,62256.71
3625,3626,24545.6
3626,3627,11821.01
3627,3628,6852.73
3628,3629,4982.56
3629,3630,2461.1
3630,3631,4969.05
3631,3632,9194.9
3632,3633,8118.89
3633,3634,10053.05
3634,3635,61695.56
3635,3636,11736.3
3636,3637,1823.87
3637,3638,2976.8
3638,3639,2631.17
3639,3640,3941.75
3640,3641,3696.73
3641,3642,6025.73
3642,3643,62018.44
3643,3644,5187.13
3644,3645,3503.13
3645,3646,5515.2
3646,3647,6508.76
3647,3648,42975.38
3648,3649,54919.02
3649,3650,4510.34
3650,3651,7355.22
3651,3652,52473.38
3652,3653,6466.53
3653,3654,5175.44
3654,3655,11302.33
3655,3656,5584.32
3656,3657,3229.77
3657,3658,49401.24
3658,3659,4023.74
3659,3660,4516.95
3660,3661,58676.01
3661,3662,1805.92
3662,3663,60147.16
3663,3664,6503.34
3664,3665,4674.32
3665,3666,41823.44
3666,3667,8757.54
3667,3668,12148.325
3668,3669,5132.66
3669,3670,13270.92
3670,3671,3313.05
3671,3672,49661.51
3672,3673,50165.11
3673,3674,2506.68
3674,3675,12513.18
3675,3676,9755.97
3676,3677,3537.0
3677,3678,7850.68
3678,3679,3677.51
3679,3680,3657.61
3680,3681,64496.72
3681,3682,59633.13
3682,3683,7495.89
3683,3684,42975.68
3684,3685,54448.5
3685,3686,3463.36
3686,3687,4410.11
3687,3688,41616.41
3688,3689,60662.25
3689,3690,4431.79
3690,3691,5717.83
3691,3692,6210.75
3692,3693,8813.51
3693,3694,73721.20799999998
3694,3695,6365.89
3695,3696,4402.86
3696,3697,4806.37
3697,3698,71686.03
3698,3699,58622.82
3699,3700,2405.95
3700,3701,16379.63
3701,3702,7225.33
3702,3703,1743.38
3703,3704,5598.4
3704,3705,5931.54
3705,3706,14793.34
3706,3707,7833.7
3707,3708,4635.35
3708,3709,9203.04
3709,3710,40873.18
3710,3711,54747.65
3711,3712,52500.58
3712,3713,14572.84
3713,3714,2682.86
3714,3715,7507.58
3715,3716,4913.74
3716,3717,7725.69
3717,3718,10973.23
3718,3719,3979.18
3719,3720,23870.88
3720,3721,3980.99
3721,3722,4553.5
3722,3723,6514.02
3723,3724,3999.93
3724,3725,62794.28
3725,3726,61742.6
3726,3727,4956.82
3727,3728,55797.64
3728,3729,12811.26
3729,3730,9425.6
3730,3731,6896.48
3731,3732,3599.3
3732,3733,4527.23
3733,3734,4958.59
3734,3735,53448.97
3735,3736,4084.9
3736,3737,12020.24
3737,3738,7536.77
3738,3739,6469.34
3739,3740,54272.15
3740,3741,59130.97
3741,3742,7820.15
3742,3743,6353.24
3743,3744,23880.22
3744,3745,53356.28
3745,3746,9361.32
3746,3747,73889.27
3747,3748,10366.88
3748,3749,7323.97
3749,3750,6726.35
3750,3751,5333.105
3751,3752,47189.04
3752,3753,8662.0
3753,3754,64313.0
3754,3755,4747.79
3755,3756,32294.55
3756,3757,6394.82
3757,3758,5983.49
3758,3759,6221.73
3759,3760,9388.29
3760,3761,4703.91
3761,3762,1948.88
3762,3763,64483.63
3763,3764,49202.67
3764,3765,3735.67
3765,3766,3980.88
3766,3767,2341.12
3767,3768,48450.83
3768,3769,51301.69
3769,3770,4793.64
3770,3771,7190.89
3771,3772,3201.31
3772,3773,7148.85
3773,3774,10429.09
3774,3775,3394.68
3775,3776,7536.8
3776,3777,6850.67
3777,3778,5614.59
3778,3779,5638.13
3779,3780,42093.64
3780,3781,5843.9
3781,3782,12746.65
3782,3783,51645.41
3783,3784,11046.95
3784,3785,12764.28
3785,3786,54597.37
3786,3787,53817.55
3787,3788,55582.69
3788,3789,11699.72
3789,3790,2550.87
3790,3791,4363.17
3791,3792,54140.74
3792,3793,11876.3
3793,3794,39182.42
3794,3795,4965.93
3795,3796,5088.41
3796,3797,11606.45
3797,3798,43209.56
3798,3799,23238.16
3799,3800,5272.45
3800,3801,5994.51
3801,3802,9090.51
3802,3803,28295.34
3803,3804,10290.67
3804,3805,7838.87
3805,3806,6280.9
3806,3807,5748.86
3807,3808,7523.54
3808,3809,4958.58
3809,3810,56097.35
3810,3811,52860.94
3811,3812,51175.11
3812,3813,46446.81
3813,3814,10081.52
3814,3815,5161.1
3815,3816,2362.74
3816,3817,51557.56
3817,3818,45099.65
3818,3819,2408.83
3819,3820,4210.6
3820,3821,7700.75
3821,3822,54321.21
3822,3823,2514.98
3823,3824,34560.19
3824,3825,7501.96
3825,3826,39877.88
3826,3827,42148.53
3827,3828,7005.32
3828,3829,11802.97
3829,3830,11344.85
3830,3831,6541.21
3831,3832,6209.3
3832,3833,5466.9
3833,3834,5080.99
3834,3835,38185.42
3835,3836,4354.04
3836,3837,35092.78
3837,3838,49414.2
3838,3839,8523.85
3839,3840,2155.77
3840,3841,52199.76
3841,3842,63075.06
3842,3843,4940.5
3843,3844,27949.67
3844,3845,56929.14
3845,3846,4662.25
3846,3847,46100.94
3847,3848,7063.78
3848,3849,6041.46
3849,3850,3371.93
3850,3851,2922.26
3851,3852,6023.18
3852,3853,43171.65
3853,3854,7150.31
3854,3855,5122.19
3855,3856,54946.34
3856,3857,5651.91
3857,3858,6575.12
3858,3859,13252.65
3859,3860,5367.94
3860,3861,11141.28
3861,3862,3085.47
3862,3863,51202.34
3863,3864,3990.35
3864,3865,45748.37
3865,3866,25459.2
3866,3867,7877.71
3867,3868,4712.23
3868,3869,24112.76
3869,3870,3641.4
3870,3871,50932.3
3871,3872,4352.88
3872,3873,6666.1475
3873,3874,33208.62
3874,3875,8215.85
3875,3876,5982.6
3876,3877,7320.81
3877,3878,6480.76
3878,3879,14012.34
3879,3880,48473.64
3880,3881,9366.47
3881,3882,9577.55
3882,3883,7271.66
3883,3884,6591.19
3884,3885,57631.76
3885,3886,5052.48
3886,3887,27935.68
3887,3888,11251.74
3888,3889,2485.32
3889,3890,4669.7
3890,3891,6709.21
3891,3892,4884.99
3892,3893,6680.72
3893,3894,10591.46
3894,3895,43720.83
3895,3896,1619.58
3896,3897,5917.52
3897,3898,2233.81
3898,3899,4437.1
3899,3900,5803.61
3900,3901,13305.85
3901,3902,6263.81
3902,3903,56053.27
3903,3904,49832.52
3904,3905,57719.87
3905,3906,4529.46
3906,3907,50307.86
3907,3908,60280.4
3908,3909,59653.8
3909,3910,5991.29
3910,3911,4000.82
3911,3912,3897.39
3912,3913,5383.25
3913,3914,5385.76
3914,3915,14038.44
3915,3916,7315.53
3916,3917,7176.64
3917,3918,60418.83
3918,3919,8752.15
3919,3920,66353.8
3920,3921,53220.75
3921,3922,32184.97
3922,3923,4787.39
3923,3924,7973.47
3924,3925,61015.4
3925,3926,7519.49
3926,3927,2290.35
3927,3928,8110.59
3928,3929,5339.29
3929,3930,4421.83
3930,3931,4600.31
3931,3932,5356.18
3932,3933,4394.03
3933,3934,5599.98
3934,3935,4837.61
3935,3936,2016.19
3936,3937,6274.17
3937,3938,7264.43
3938,3939,5562.37
3939,3940,6636.19
3940,3941,5695.18
3941,3942,5700.48
3942,3943,53614.31
3943,3944,56383.88
3944,3945,2814.78
3945,3946,12631.2
3946,3947,7221.93
3947,3948,60762.91
3948,3949,5079.91
3949,3950,7516.8
3950,3951,3513.5
3951,3952,6566.93
3952,3953,9292.97
3953,3954,6988.86
3954,3955,1777.85
3955,3956,49738.12
3956,3957,10310.56
3957,3958,4449.15
3958,3959,7771.78
3959,3960,5244.51
3960,3961,57248.73
3961,3962,6042.97
3962,3963,5638.7
3963,3964,56525.83
3964,3965,5834.74
3965,3966,5173.1
3966,3967,11477.57
3967,3968,5322.775
3968,3969,5446.18
3969,3970,55712.06
3970,3971,3046.59
3971,3972,4184.66
3972,3973,6481.97
3973,3974,7757.8
3974,3975,5456.45
3975,3976,39324.21
3976,3977,41760.39
3977,3978,50758.1
3978,3979,5876.18
3979,3980,59203.92
3980,3981,50579.92
3981,3982,10990.62
3982,3983,42529.58
3983,3984,4098.51
3984,3985,5438.46
3985,3986,31218.28
3986,3987,51119.96
3987,3988,9172.61
3988,3989,24589.68
3989,3990,7786.09
3990,3991,4581.33
3991,3992,2649.74
3992,3993,5257.56
3993,3994,3462.0
3994,3995,3737.86
3995,3996,3263.58
3996,3997,53463.32
3997,3998,9702.31
3998,3999,5340.83
3999,4000,61343.46
4000,4001,49979.29
4001,4002,56163.32
4002,4003,6388.72
4003,4004,7656.98
4004,4005,4458.4
4005,4006,3682.41
4006,4007,13787.63
4007,4008,8206.65
4008,4009,5167.88
4009,4010,7201.58
4010,4011,6695.58
4011,4012,68122.93
4012,4013,4437.71
4013,4014,55276.4
4014,4015,9722.54
4015,4016,5908.65
4016,4017,4806.61
4017,4018,31433.66
4018,4019,5064.64
4019,4020,63282.84
4020,4021,4614.61
4021,4022,55045.0
4022,4023,9257.51
4023,4024,6051.44
4024,4025,69739.52
4025,4026,9998.23
4026,4027,7439.65
4027,4028,43764.59
4028,4029,54159.57
4029,4030,56541.07
4030,4031,12550.2
4031,4032,50057.97
4032,4033,2568.88
4033,4034,3075.68
4034,4035,50709.46
4035,4036,2403.56
4036,4037,10942.45
4037,4038,52063.13
4038,4039,5541.36
4039,4040,8349.26
4040,4041,4763.14
4041,4042,3663.68
4042,4043,4011.06
4043,4044,17582.14
4044,4045,5349.8
4045,4046,8225.06
4046,4047,4530.91
4047,4048,6439.91
4048,4049,4468.99
4049,4050,5113.27
4050,4051,23248.08
4051,4052,49125.78
4052,4053,40963.23
4053,4054,4183.85
4054,4055,10691.42
4055,4056,7590.16
4056,4057,2901.99
4057,4058,5514.33
4058,4059,38513.64
4059,4060,7734.78
4060,4061,8670.9
4061,4062,75040.62
4062,4063,5401.45
4063,4064,4662.97
4064,4065,45729.85
4065,4066,9498.36
4066,4067,2460.4
4067,4068,5823.79
4068,4069,1965.48
4069,4070,10722.68
4070,4071,54383.28
4071,4072,58949.51
4072,4073,3177.16
4073,4074,5176.5
4074,4075,14931.71
4075,4076,11000.93
4076,4077,7104.36
4077,4078,46066.38
4078,4079,4327.26
4079,4080,5307.45
4080,4081,12153.15
4081,4082,11299.85
4082,4083,3187.51
4083,4084,4297.84
4084,4085,57045.58
4085,4086,3947.27
4086,4087,11212.76
4087,4088,5970.7
4088,4089,68390.24
4089,4090,6613.94
4090,4091,9124.94
4091,4092,7852.73
4092,4093,7781.99
4093,4094,5676.37
4094,4095,4299.63
4095,4096,42747.61
4096,4097,5546.04
4097,4098,52745.1
4098,4099,56952.25
4099,4100,47097.11
4100,4101,3939.9
4101,4102,2983.17
4102,4103,4723.73
4103,4104,7098.23
4104,4105,69678.29
4105,4106,63748.54
4106,4107,12732.7
4107,4108,9806.21
4108,4109,46592.52
4109,4110,4662.72
4110,4111,85877.66
4111,4112,7197.09
4112,4113,6063.73
4113,4114,14420.32
4114,4115,5776.38
4115,4116,5923.66
4116,4117,57993.55
4117,4118,15532.51
4118,4119,37863.02
4119,4120,5527.01
4120,4121,54844.15
4121,4122,12631.49
4122,4123,52827.3
4123,4124,4534.21
4124,4125,4042.79
4125,4126,3425.24
4126,4127,58384.56
4127,4128,1524.74
4128,4129,12992.17
4129,4130,67052.74
4130,4131,6648.77
4131,4132,49213.6
4132,4133,56160.6
4133,4134,46495.22
4134,4135,4632.16
4135,4136,2478.23
4136,4137,64897.67
4137,4138,53935.24
4138,4139,3895.21
4139,4140,56068.79
4140,4141,5256.32
4141,4142,9084.19
4142,4143,60396.0
4143,4144,6937.84
4144,4145,11792.52
4145,4146,9652.45
4146,4147,5562.98
4147,4148,5095.74
4148,4149,5605.1
4149,4150,4408.75
4150,4151,5364.82
4151,4152,55808.14
4152,4153,5875.46
4153,4154,2448.05
4154,4155,1920.52
4155,4156,8842.32
4156,4157,5132.14
4157,4158,4413.81
4158,4159,7127.62
4159,4160,7586.31
4160,4161,5870.62
4161,4162,3696.01
4162,4163,53796.46
4163,4164,15752.37
4164,4165,6971.59
4165,4166,52754.41
4166,4167,2631.62
4167,4168,4827.57
4168,4169,2118.77
4169,4170,12557.45
4170,4171,5347.55
4171,4172,73116.89
4172,4173,11561.74
4173,4174,5949.0
4174,4175,5121.69
4175,4176,48581.71
4176,4177,65281.06
4177,4178,6704.71
4178,4179,3738.02
4179,4180,11425.8
4180,4181,41033.21
4181,4182,61446.8
4182,4183,6140.24
4183,4184,44740.2
4184,4185,57937.42
4185,4186,3986.28
4186,4187,9988.18
4187,4188,6593.580833333333
4188,4189,4190.56
4189,4190,60471.9
4190,4191,49739.76
4191,4192,4071.1
4192,4193,58461.94
4193,4194,47543.2
4194,4195,55485.91
4195,4196,4681.7
4196,4197,8240.41
4197,4198,2791.19
4198,4199,57317.72
4199,4200,2770.3
4200,4201,48549.75
4201,4202,22191.84
4202,4203,7011.46
4203,4204,5828.84
4204,4205,5734.89
4205,4206,5077.03
4206,4207,33722.16
4207,4208,4407.85
4208,4209,11862.21
4209,4210,41454.53
4210,4211,4490.62
4211,4212,7750.57
4212,4213,8454.69
4213,4214,5122.2
4214,4215,6322.83
4215,4216,49355.67
4216,4217,10594.04
4217,4218,6951.04
4218,4219,6509.36
4219,4220,13262.68
4220,4221,5002.35
4221,4222,3934.83
4222,4223,66327.43
4223,4224,5364.4
4224,4225,7707.1
4225,4226,45786.78
4226,4227,57246.03
4227,4228,3248.73
4228,4229,45931.55
4229,4230,4602.71
4230,4231,54932.4
4231,4232,5994.64
4232,4233,4675.24
4233,4234,11595.44
4234,4235,50697.49
4235,4236,5996.04
4236,4237,10833.73
4237,4238,5342.63
4238,4239,53043.26
4239,4240,11562.45
4240,4241,9913.02
4241,4242,2844.22
4242,4243,4533.15
4243,4244,5993.63
4244,4245,6322.79
4245,4246,3493.39
4246,4247,6324.77
4247,4248,5652.87
4248,4249,2962.7
4249,4250,57919.38
4250,4251,10801.7
4251,4252,7548.94
4252,4253,3782.34
4253,4254,41534.86
4254,4255,2789.68
4255,4256,4596.53
4256,4257,4774.54
4257,4258,6396.66
4258,4259,68773.77
4259,4260,61435.62
4260,4261,2559.6
4261,4262,4007.82
4262,4263,49543.95
4263,4264,3672.74
4264,4265,5984.8575
4265,4266,5917.92
4266,4267,50139.35
4267,4268,37985.0
4268,4269,77477.62
4269,4270,9508.95
4270,4271,23582.04
4271,4272,4498.36
4272,4273,2769.93
4273,4274,4400.02
4274,4275,6578.3
4275,4276,5458.79
4276,4277,4295.82
4277,4278,12789.0
4278,4279,47269.51
4279,4280,5566.55
4280,4281,5147.8
4281,4282,6983.24
4282,4283,10322.03
4283,4284,64846.27
4284,4285,6421.57
4285,4286,2170.88
4286,4287,9211.11
4287,4288,53738.27
4288,4289,50769.1
4289,4290,13742.68
4290,4291,7840.67
4291,4292,3626.72
4292,4293,31831.51
4293,4294,5083.32
4294,4295,6497.39
4295,4296,50799.39
4296,4297,18623.91
4297,4298,42493.09
4298,4299,54572.67
4299,4300,50007.64
4300,4301,70480.66
4301,4302,5243.2
4302,4303,16990.62
4303,4304,57373.2
4304,4305,6587.6
4305,4306,85463.0
4306,4307,6439.09
4307,4308,3551.21
4308,4309,55515.99
4309,4310,44047.66
4310,4311,49293.41
4311,4312,28196.19
4312,4313,49456.2
4313,4314,5631.83
4314,4315,58507.13
4315,4316,6140.49
4316,4317,64521.01
4317,4318,49822.03
4318,4319,4144.65
4319,4320,4980.39
4320,4321,7497.8
4321,4322,20012.64
4322,4323,12316.9
4323,4324,63608.52
4324,4325,6386.92
4325,4326,5953.48
4326,4327,6316.11
4327,4328,49887.72
4328,4329,70515.19
4329,4330,5650.9
4330,4331,8772.56
4331,4332,6984.92
4332,4333,44829.72
4333,4334,7762.95
4334,4335,2948.3
4335,4336,66777.0
4336,4337,4017.0
4337,4338,2340.25
4338,4339,56547.61
4339,4340,6339.49
4340,4341,43664.17
4341,4342,4472.49
4342,4343,56146.33
4343,4344,59191.87
4344,4345,5349.1
4345,4346,6378.27
4346,4347,7695.03
4347,4348,3575.05
4348,4349,13288.49
4349,4350,60557.4
4350,4351,5576.41
4351,4352,4379.4
4352,4353,68627.6
4353,4354,3995.13
4354,4355,7353.06
4355,4356,46356.31
4356,4357,50042.74
4357,4358,3941.32
4358,4359,12893.86
4359,4360,4470.76
4360,4361,47269.51
4361,4362,44305.87
4362,4363,4535.72
4363,4364,43884.36
4364,4365,70275.91
4365,4366,59407.07
4366,4367,40498.14
4367,4368,5562.95
4368,4369,48274.93
4369,4370,1317.52
4370,4371,6379.04
4371,4372,61664.64
4372,4373,6403.45
4373,4374,7732.61
4374,4375,58496.61
4375,4376,4494.32
4376,4377,12577.36
4377,4378,33315.66
4378,4379,61763.61
4379,4380,3576.43
4380,4381,56830.88
4381,4382,8793.87
4382,4383,1535.02
4383,4384,71320.95
4384,4385,4290.0
4385,4386,6074.21
4386,4387,4487.22
4387,4388,6689.67
4388,4389,4762.05
4389,4390,11032.54
4390,4391,3490.25
4391,4392,5183.14
4392,4393,7289.78
4393,4394,6815.89
4394,4395,4731.61
4395,4396,59457.58
4396,4397,51855.07
4397,4398,38915.09
4398,4399,69180.32
4399,4400,4812.24
4400,4401,16848.14
4401,4402,59995.73
4402,4403,5543.74
4403,4404,6550.92
4404,4405,1618.94
4405,4406,53681.78
4406,4407,57182.09
4407,4408,5714.26
4408,4409,4634.06
4409,4410,6578.53
4410,4411,5189.5
4411,4412,6037.43
4412,4413,45246.68
4413,4414,4371.66
4414,4415,8273.65
4415,4416,6970.18
4416,4417,55920.02
4417,4418,7514.31
4418,4419,54739.68
4419,4420,54376.75
4420,4421,6917.7
4421,4422,60071.62
4422,4423,6017.03
4423,4424,4971.9
4424,4425,5351.29
4425,4426,52212.84
4426,4427,2267.17
4427,4428,7639.41
4428,4429,5954.27
4429,4430,49146.9
4430,4431,10070.17
4431,4432,12329.12
4432,4433,6700.15
4433,4434,52946.55
4434,4435,35544.65
4435,4436,2991.78
4436,4437,3016.43
4437,4438,4975.54
4438,4439,6066.665
4439,4440,6800.55
4440,4441,7532.27
4441,4442,16479.04
4442,4443,17742.55
4443,4444,4360.37
4444,4445,50704.12
4445,4446,4431.22
4446,4447,12201.98
4447,4448,4423.79
4448,4449,5022.74
4449,4450,47159.1
4450,4451,5091.56
4451,4452,10171.37
4452,4453,5296.88
4453,4454,10330.59
4454,4455,6543.83
4455,4456,3393.31
4456,4457,5621.08
4457,4458,43692.71
4458,4459,7434.71
4459,4460,5918.51
4460,4461,12297.3
4461,4462,6765.99
4462,4463,6099.03
4463,4464,5458.63
4464,4465,5555.68
4465,4466,9837.49
4466,4467,54045.73
4467,4468,31267.93
4468,4469,9777.31
4469,4470,2870.98
4470,4471,45364.33
4471,4472,7246.26
4472,4473,5178.8
4473,4474,4545.84
4474,4475,51162.25
4475,4476,8753.09
4476,4477,71411.7
4477,4478,5036.94
4478,4479,3363.76
4479,4480,4785.6
4480,4481,57761.71
4481,4482,4958.1
4482,4483,3472.8
4483,4484,29209.28
4484,4485,50110.45
4485,4486,4217.95
4486,4487,11822.12
4487,4488,2992.16
4488,4489,4547.53
4489,4490,48073.11
4490,4491,48214.63
4491,4492,56009.08
4492,4493,7498.05
4493,4494,49009.58
4494,4495,7380.76
4495,4496,46761.95
4496,4497,73808.7
4497,4498,22471.45
4498,4499,60085.93
4499,4500,57845.86
4500,4501,8058.39
4501,4502,6424.46
4502,4503,8211.45
4503,4504,3980.18
4504,4505,11139.46
4505,4506,43445.94
4506,4507,6547.65
4507,4508,5743.24
4508,4509,57200.16
4509,4510,51344.01
4510,4511,4014.97
4511,4512,5971.55
4512,4513,6376.85
4513,4514,5382.98
4514,4515,34260.08
4515,4516,5651.52
4516,4517,61324.59
4517,4518,5027.44
4518,4519,6401.63
4519,4520,6178.85
4520,4521,13110.04
4521,4522,6411.59
4522,4523,5472.15
4523,4524,10551.95
4524,4525,5838.8
4525,4526,6150.62
4526,4527,5508.03
4527,4528,15428.34
4528,4529,3895.32
4529,4530,2264.82
4530,4531,3779.89
4531,4532,12386.53
4532,4533,53475.1
4533,4534,6504.54
4534,4535,52128.56
4535,4536,57097.39
4536,4537,4434.75
4537,4538,4046.97
4538,4539,5215.58
4539,4540,6198.34
4540,4541,7476.35
4541,4542,12297.3
4542,4543,51977.04
4543,4544,28159.77
4544,4545,7008.12
4545,4546,45570.07
4546,4547,53665.09
4547,4548,68744.57
4548,4549,5620.58
4549,4550,5145.53
4550,4551,4037.43
4551,4552,6180.98
4552,4553,9568.5
4553,4554,24825.13
4554,4555,8448.15
4555,4556,49861.1
4556,4557,12131.83
4557,4558,13337.91
4558,4559,42097.2
4559,4560,67053.45
4560,4561,7576.07
4561,4562,5079.37
4562,4563,5119.18
4563,4564,4045.365
4564,4565,43612.71
4565,4566,5743.54
4566,4567,11751.0
4567,4568,4559.44
4568,4569,4243.45
4569,4570,3953.17
4570,4571,6290.34
4571,4572,6372.93
4572,4573,6784.86
4573,4574,3110.36
4574,4575,6269.99
4575,4576,4898.55
4576,4577,6091.85
4577,4578,5665.17
4578,4579,1934.71
4579,4580,8349.7
4580,4581,4747.48
4581,4582,53534.99
4582,4583,4293.38
4583,4584,54992.11
4584,4585,2743.76
4585,4586,3125.78
4586,4587,11295.4
4587,4588,52696.44
4588,4589,5317.9
4589,4590,48005.59
4590,4591,10785.73
4591,4592,11617.19
4592,4593,3104.48
4593,4594,39467.86
4594,4595,3673.17
4595,4596,5948.96
4596,4597,7880.91
4597,4598,4392.6
4598,4599,2498.35
4599,4600,6297.06
4600,4601,45461.66
4601,4602,17502.68
4602,4603,56075.09
4603,4604,8403.17
4604,4605,43137.44
4605,4606,7718.21
4606,4607,3323.26
4607,4608,7505.62
4608,4609,4212.18
4609,4610,7192.75
4610,4611,50966.99
4611,4612,69997.41
4612,4613,3950.96
4613,4614,1755.85
4614,4615,56618.02
4615,4616,2370.47
4616,4617,2791.94
4617,4618,5300.05
4618,4619,46899.16
4619,4620,2505.84
4620,4621,9297.99
4621,4622,2890.29
4622,4623,1958.45
4623,4624,9488.8
4624,4625,13785.06
4625,4626,8403.7
4626,4627,37381.92
4627,4628,3208.86
4628,4629,6253.53
4629,4630,10777.76
4630,4631,6212.98
4631,4632,8938.39
4632,4633,71090.13
4633,4634,56880.52
4634,4635,7973.79
4635,4636,54540.48
4636,4637,11922.38
4637,4638,12909.31
4638,4639,39657.73
4639,4640,3414.72
4640,4641,5584.37
4641,4642,7857.57
4642,4643,51295.02
4643,4644,10469.83
4644,4645,3767.5
4645,4646,11467.22
4646,4647,52010.68
4647,4648,2566.74
4648,4649,66076.61
4649,4650,52214.34
4650,4651,13323.47
4651,4652,4378.64
4652,4653,12880.59
4653,4654,44849.54
4654,4655,11733.75
4655,4656,57825.55
4656,4657,62947.41
4657,4658,14107.78
4658,4659,4663.17
4659,4660,57207.21
4660,4661,5016.92
4661,4662,70021.18
4662,4663,16429.36
4663,4664,56098.87
4664,4665,55026.39
4665,4666,4790.71
4666,4667,7074.21
4667,4668,16249.64
4668,4669,4912.1
4669,4670,11149.6
4670,4671,62198.86
4671,4672,10312.47
4672,4673,52715.79
4673,4674,6191.1
4674,4675,54015.63
4675,4676,5279.46
4676,4677,56117.94
4677,4678,45056.18
4678,4679,71897.37
4679,4680,6100.36
4680,4681,5087.65
4681,4682,22562.48
4682,4683,15922.19
4683,4684,55996.35
4684,4685,51800.4
4685,4686,6567.46
4686,4687,43762.53
4687,4688,5860.72
4688,4689,66166.37
4689,4690,10697.63
4690,4691,14554.52
4691,4692,6184.2
4692,4693,53671.69
4693,4694,7204.7
4694,4695,57570.04
4695,4696,6417.2
4696,4697,50015.27
4697,4698,21730.48
4698,4699,27626.62
4699,4700,57062.935
4700,4701,7370.82
4701,4702,6270.05
4702,4703,4261.42
4703,4704,17241.63
4704,4705,7907.58
4705,4706,5859.99
4706,4707,5316.03
4707,4708,2124.0
4708,4709,56146.26
4709,4710,2928.35
4710,4711,4101.61
4711,4712,6673.91
4712,4713,13923.49
4713,4714,6206.92
4714,4715,41324.56
4715,4716,6496.63
4716,4717,4311.76
4717,4718,29349.8
4718,4719,34329.9
4719,4720,53017.67
4720,4721,41519.13
4721,4722,15172.93
4722,4723,32275.39
4723,4724,35896.34
4724,4725,5714.79
4725,4726,5737.24
4726,4727,6450.21
4727,4728,46193.5
4728,4729,4371.89
4729,4730,52955.08
4730,4731,9041.24
4731,4732,68371.87
4732,4733,52216.78
4733,4734,6799.1
4734,4735,54281.29
4735,4736,5494.13
4736,4737,5645.74
4737,4738,44596.41
4738,4739,5089.78
4739,4740,8462.35
4740,4741,49557.18
4741,4742,3076.25
4742,4743,2304.27
4743,4744,5396.05
4744,4745,9331.18
4745,4746,5219.96
4746,4747,48393.0
4747,4748,53962.15
4748,4749,47537.64
4749,4750,6245.98
4750,4751,63600.55816666666
4751,4752,10603.57
4752,4753,7401.35
4753,4754,68858.39
4754,4755,8657.64
4755,4756,3692.42
4756,4757,8290.74
4757,4758,10127.98
4758,4759,2997.49
4759,4760,62894.86
4760,4761,5670.03
4761,4762,43792.16
4762,4763,8023.04
4763,4764,4756.06
4764,4765,10301.58
4765,4766,57872.0
4766,4767,65872.12
4767,4768,59219.06
4768,4769,7315.12
4769,4770,12600.49
4770,4771,4454.31
4771,4772,2740.72
4772,4773,10240.85
4773,4774,44813.71
4774,4775,4559.77
4775,4776,4567.72
4776,4777,48925.0
4777,4778,68272.85
4778,4779,44174.78
4779,4780,3767.35
4780,4781,47176.34
4781,4782,5829.83
4782,4783,44597.19
4783,4784,47070.02
4784,4785,34530.23
4785,4786,4958.68
4786,4787,5062.02
4787,4788,49066.57
4788,4789,6785.696166666667
4789,4790,42047.68
4790,4791,55355.87
4791,4792,7019.95
4792,4793,45650.16
4793,4794,6003.86
4794,4795,81274.15
4795,4796,25381.24
4796,4797,50520.95
4797,4798,8405.46
4798,4799,4952.55
4799,4800,4684.78
4800,4801,2935.51
4801,4802,4079.13
4802,4803,6522.55
4803,4804,6154.55
4804,4805,41091.62
4805,4806,5810.37
4806,4807,4339.58
4807,4808,2945.04
4808,4809,3772.82
4809,4810,5668.86
4810,4811,9936.31
4811,4812,50407.27
4812,4813,5971.81
4813,4814,2901.66
4814,4815,18288.76
4815,4816,7385.25
4816,4817,2950.56
4817,4818,3429.92
4818,4819,3652.78
4819,4820,2811.89
4820,4821,41683.85
4821,4822,64706.04
4822,4823,5035.07
4823,4824,10946.88
4824,4825,7501.54
4825,4826,50794.95
4826,4827,7478.05
4827,4828,5841.93
4828,4829,5637.48
4829,4830,5736.94
4830,4831,6921.53
4831,4832,6005.94
4832,4833,54331.34
4833,4834,5872.72
4834,4835,5792.18
4835,4836,23009.24
4836,4837,52587.38
4837,4838,5199.2
4838,4839,6200.38
4839,4840,62796.12
4840,4841,51647.64
4841,4842,5627.32
4842,4843,51199.2
4843,4844,17109.92
4844,4845,60762.35
4845,4846,4988.46
4846,4847,7668.3475
4847,4848,2853.32
4848,4849,45580.43
4849,4850,3260.55
4850,4851,2982.59
4851,4852,7170.88
4852,4853,11980.47
4853,4854,16162.56
4854,4855,4517.69
4855,4856,4285.97
4856,4857,6340.32
4857,4858,5643.74
4858,4859,5578.02
4859,4860,51233.27
4860,4861,7256.23
4861,4862,6281.39
4862,4863,11477.99
4863,4864,43194.73
4864,4865,4304.45
4865,4866,5167.31
4866,4867,2933.32
4867,4868,4581.92
4868,4869,5563.46
4869,4870,6972.02
4870,4871,52042.92
4871,4872,6354.71
4872,4873,11093.13
4873,4874,50231.89
4874,4875,47895.64
4875,4876,5682.0
4876,4877,5804.88
4877,4878,2858.38
4878,4879,46435.69
4879,4880,7273.35
4880,4881,13579.29
4881,4882,41835.23
4882,4883,10335.04
4883,4884,56770.16
4884,4885,57773.9
4885,4886,3448.68
4886,4887,2201.34
4887,4888,7929.89
4888,4889,3211.09
4889,4890,1797.73
4890,4891,56406.77
4891,4892,6086.81
4892,4893,15191.22
4893,4894,7769.07
4894,4895,5599.23
4895,4896,6265.88
4896,4897,12460.615
4897,4898,3390.54
4898,4899,43449.78
4899,4900,6077.41
4900,4901,5765.4
4901,4902,9296.7
4902,4903,7855.76
4903,4904,32613.23
4904,4905,5080.63
4905,4906,64445.92
4906,4907,4941.0
4907,4908,54606.19
4908,4909,2207.42
4909,4910,4711.225
4910,4911,4993.39
4911,4912,7249.9
4912,4913,8060.48
4913,4914,5960.66
4914,4915,58040.12
4915,4916,2740.85
4916,4917,48578.52
4917,4918,50377.2
4918,4919,8240.98
4919,4920,2418.74
4920,4921,74524.15
4921,4922,6749.04
4922,4923,70282.66
4923,4924,5992.17
4924,4925,8279.68
4925,4926,35859.3
4926,4927,13892.07
4927,4928,5738.24
4928,4929,5946.59
4929,4930,51960.53
4930,4931,50839.9
4931,4932,6335.21
4932,4933,4462.19
4933,4934,13296.83
4934,4935,7627.15
4935,4936,5360.46
4936,4937,6688.12
4937,4938,5571.52
4938,4939,45176.85
4939,4940,6404.23
4940,4941,4491.17
4941,4942,6499.8775
4942,4943,5480.14
4943,4944,48565.3
4944,4945,53200.02
4945,4946,5637.74
4946,4947,31451.87
4947,4948,6221.92
4948,4949,4625.36
4949,4950,4506.155
4950,4951,37985.0
4951,4952,4423.05
4952,4953,45319.72
4953,4954,2487.82
4954,4955,4140.69
4955,4956,5449.97
4956,4957,4493.38
4957,4958,4531.66
4958,4959,7606.72
4959,4960,4623.89
4960,4961,6312.46
4961,4962,13400.32
4962,4963,5562.07
4963,4964,11797.41
4964,4965,4580.82
4965,4966,56471.07
4966,4967,66138.83
4967,4968,3744.45
4968,4969,2945.76
4969,4970,12246.33
4970,4971,4554.85
4971,4972,4145.5
4972,4973,12537.27
4973,4974,7877.66
4974,4975,7246.91
4975,4976,53368.46
4976,4977,6275.07
4977,4978,4091.16
4978,4979,5035.74
4979,4980,49176.06
4980,4981,6750.81
4981,4982,4191.22
4982,4983,13490.01
4983,4984,3233.77
4984,4985,6214.58
4985,4986,6146.44
4986,4987,3966.4
4987,4988,7505.36
4988,4989,49704.04
4989,4990,28174.33
4990,4991,17506.41
4991,4992,54472.32
4992,4993,7679.58
4993,4994,10309.61
4994,4995,6349.43
4995,4996,59923.18
4996,4997,4523.81
4997,4998,50379.64
4998,4999,48748.15
4999,5000,64633.35
